#
# There is insufficient memory for the Java Runtime Environment to continue.
# Native memory allocation (mmap) failed to map 23134208 bytes for G1 virtual space
# Possible reasons:
#   The system is out of physical RAM or swap space
#   The process is running with CompressedOops enabled, and the Java Heap may be blocking the growth of the native heap
# Possible solutions:
#   Reduce memory load on the system
#   Increase physical memory or swap space
#   Check if swap backing store is full
#   Decrease Java heap size (-Xmx/-Xms)
#   Decrease number of Java threads
#   Decrease Java thread stack sizes (-Xss)
#   Set larger code cache with -XX:ReservedCodeCacheSize=
#   JVM is running with Zero Based Compressed Oops mode in which the Java heap is
#     placed in the first 32GB address space. The Java Heap base address is the
#     maximum limit for the native heap growth. Please use -XX:HeapBaseMinAddress
#     to set the Java Heap base and to place the Java Heap above 32GB virtual address.
# This output file may be truncated or incomplete.
#
#  Out of Memory Error (os_windows.cpp:3548), pid=13844, tid=4664
#
# JRE version: Java(TM) SE Runtime Environment (17.0.12+8) (build 17.0.12+8-LTS-286)
# Java VM: Java HotSpot(TM) 64-Bit Server VM (17.0.12+8-LTS-286, mixed mode, sharing, tiered, compressed oops, compressed class ptrs, g1 gc, windows-amd64)
# No core dump will be written. Minidumps are not enabled by default on client versions of Windows
#

---------------  S U M M A R Y ------------

Command Line: --add-opens=java.base/java.lang=ALL-UNNAMED --add-opens=java.base/java.lang.invoke=ALL-UNNAMED --add-opens=java.base/java.util=ALL-UNNAMED --add-opens=java.prefs/java.util.prefs=ALL-UNNAMED --add-exports=jdk.compiler/com.sun.tools.javac.api=ALL-UNNAMED --add-exports=jdk.compiler/com.sun.tools.javac.util=ALL-UNNAMED --add-opens=java.base/java.util=ALL-UNNAMED --add-opens=java.prefs/java.util.prefs=ALL-UNNAMED --add-opens=java.base/java.nio.charset=ALL-UNNAMED --add-opens=java.base/java.net=ALL-UNNAMED --add-opens=java.base/java.util.concurrent.atomic=ALL-UNNAMED --add-opens=java.xml/javax.xml.namespace=ALL-UNNAMED -XX:MaxMetaspaceSize=4G -XX:ReservedCodeCacheSize=512m -XX:+HeapDumpOnOutOfMemoryError -Xmx8G -Dfile.encoding=windows-1252 -Duser.country=IN -Duser.language=en -Duser.variant -javaagent:C:\Users\praka\.gradle\wrapper\dists\gradle-8.14-all\c2qonpi39x1mddn7hk5gh9iqj\gradle-8.14\lib\agents\gradle-instrumentation-agent-8.14.jar org.gradle.launcher.daemon.bootstrap.GradleDaemon 8.14

Host: 12th Gen Intel(R) Core(TM) i3-1215U, 8 cores, 7G,  Windows 11 , 64 bit Build 26100 (10.0.26100.9444)
Time: Mon Sep 14 06:23:30 2026 India Standard Time elapsed time: 5749.838406 seconds (0d 1h 35m 49s)

---------------  T H R E A D  ---------------

Current thread (0x000002a3657541f0):  VMThread "VM Thread" [stack: 0x000000c35ce00000,0x000000c35cf00000] [id=4664]

Stack: [0x000000c35ce00000,0x000000c35cf00000]
Native frames: (J=compiled Java code, j=interpreted, Vv=VM code, C=native code)
V  [jvm.dll+0x67a04a]
V  [jvm.dll+0x7da4ed]
V  [jvm.dll+0x7dbe33]
V  [jvm.dll+0x7dc4a3]
V  [jvm.dll+0x24508f]
V  [jvm.dll+0x677089]
V  [jvm.dll+0x66bd32]
V  [jvm.dll+0x301fa6]
V  [jvm.dll+0x309546]
V  [jvm.dll+0x359d58]
V  [jvm.dll+0x359f5f]
V  [jvm.dll+0x2d9078]
V  [jvm.dll+0x2d74ad]
V  [jvm.dll+0x2d6afc]
V  [jvm.dll+0x31a65b]
V  [jvm.dll+0x7e0d9b]
V  [jvm.dll+0x7e1ad4]
V  [jvm.dll+0x7e1fed]
V  [jvm.dll+0x7e23c4]
V  [jvm.dll+0x7e2490]
V  [jvm.dll+0x78abea]
V  [jvm.dll+0x678f35]
C  [ucrtbase.dll+0x2cd30]
C  [KERNEL32.DLL+0x2cd87]
C  [ntdll.dll+0xacaec]

VM_Operation (0x000000c3640fa5c0): G1CollectForAllocation, mode: safepoint, requested by thread 0x000002a3d04f3030


---------------  P R O C E S S  ---------------

Threads class SMR info:
_java_thread_list=0x000002a3c6c35e10, length=179, elements={
0x000002a32853fbf0, 0x000002a365756ba0, 0x000002a365757280, 0x000002a3ab00d1e0,
0x000002a3ab00f6d0, 0x000002a3ab011bc0, 0x000002a3ab0120a0, 0x000002a3ab018980,
0x000002a3ab018f50, 0x000002a3ab023490, 0x000002a365743680, 0x000002a3ab20d410,
0x000002a3ad154380, 0x000002a3ac99f9b0, 0x000002a3ad0d7540, 0x000002a3abf92830,
0x000002a3abf92d40, 0x000002a3abf93250, 0x000002a3ad55dd50, 0x000002a3ad55c910,
0x000002a3b1155230, 0x000002a3ac54f590, 0x000002a3aed56620, 0x000002a3aed57550,
0x000002a3b21212e0, 0x000002a3b2123140, 0x000002a3b2123650, 0x000002a3c1890040,
0x000002a3c1890550, 0x000002a3c1891ea0, 0x000002a3c1893d00, 0x000002a3c1894210,
0x000002a3cb3b9cc0, 0x000002a3cb3b92a0, 0x000002a3cb3b97b0, 0x000002a3cb3b6510,
0x000002a3cb3babf0, 0x000002a3cbbdf570, 0x000002a3cbbdfa80, 0x000002a3d1ef9590,
0x000002a3b00effe0, 0x000002a3d8499a10, 0x000002a3d2a5eb40, 0x000002a3d8496260,
0x000002a3ac548b40, 0x000002a3ca948250, 0x000002a3b00efad0, 0x000002a3d88c3130,
0x000002a3d88f4740, 0x000002a3ac54d730, 0x000002a3d88c4060, 0x000002a3d1b6edf0,
0x000002a3d04f02a0, 0x000002a3c8ea5020, 0x000002a3c79116f0, 0x000002a3da103140,
0x000002a3da101d00, 0x000002a3da104070, 0x000002a3da1017f0, 0x000002a3da102210,
0x000002a3c8ea6460, 0x000002a3b0be1fd0, 0x000002a3da102720, 0x000002a3c8ea4600,
0x000002a3c8ea5530, 0x000002a3c8ea36d0, 0x000002a3c8ea5a40, 0x000002a3c8ea5f50,
0x000002a3c8ea6970, 0x000002a3d04f16e0, 0x000002a3d88f3810, 0x000002a3d2a5f560,
0x000002a3d2a5e120, 0x000002a3d2a5fa70, 0x000002a3d2a5d1f0, 0x000002a3c790e450,
0x000002a3c7910cd0, 0x000002a3c79111e0, 0x000002a3d1b6c570, 0x000002a3c8582930,
0x000002a3c8581f10, 0x000002a3c85800b0, 0x000002a3c856a7e0, 0x000002a3c856bc20,
0x000002a3b0be0170, 0x000002a3d04f2100, 0x000002a3c856acf0, 0x000002a3b0be0680,
0x000002a3b0be10a0, 0x000002a3b0bdf750, 0x000002a3b0bded30, 0x000002a3b0be24e0,
0x000002a3b0be15b0, 0x000002a3b0be29f0, 0x000002a3b0be0b90, 0x000002a3b0be1ac0,
0x000002a3b0bdfc60, 0x000002a3b0bdf240, 0x000002a3c6c1ffc0, 0x000002a3c8580fe0,
0x000002a3c85814f0, 0x000002a3c8582420, 0x000002a3d1f29f80, 0x000002a3d1b6e8e0,
0x000002a3d1b6d9b0, 0x000002a3d1ef6d10, 0x000002a3c6c22840, 0x000002a3caf06a10,
0x000002a3caf07430, 0x000002a3d22a9fb0, 0x000002a3d1ef7c40, 0x000002a3d1ef5de0,
0x000002a3d1ef7730, 0x000002a3d1ef8b70, 0x000002a3d1ef8660, 0x000002a3d1ef7220,
0x000002a3daa89ab0, 0x000002a3daa8b400, 0x000002a3daa89fc0, 0x000002a3daa8be20,
0x000002a3daa8a4d0, 0x000002a3d1ef9080, 0x000002a3d1ef62f0, 0x000002a3d1ef6800,
0x000002a3d2ef4ea0, 0x000002a3d2ef58c0, 0x000002a3d2ef67f0, 0x000002a3d04f3030,
0x000002a3c917efc0, 0x000002a3d04b8010, 0x000002a3d1f26ce0, 0x000002a3d1f271f0,
0x000002a3d1f267d0, 0x000002a3d1f27c10, 0x000002a3d1f28120, 0x000002a3d1f28b40,
0x000002a3d04b8f40, 0x000002a3c8cc6c70, 0x000002a3cb66e9c0, 0x000002a3cb66f3e0,
0x000002a3cb66e4b0, 0x000002a3cb66eed0, 0x000002a3cb66f8f0, 0x000002a3d1f29050,
0x000002a3d1f29560, 0x000002a3d88c4570, 0x000002a3d88c4a80, 0x000002a3cbd2c7e0,
0x000002a3d33e2a80, 0x000002a3d33e39b0, 0x000002a3c79102b0, 0x000002a3c79107c0,
0x000002a3c790e960, 0x000002a3c790fda0, 0x000002a3c790ee70, 0x000002a3d1543c60,
0x000002a3d33e2f90, 0x000002a3cbb8ec60, 0x000002a3ca946e10, 0x000002a3caf097a0,
0x000002a3c6c1f090, 0x000002a3c6c22330, 0x000002a3c6c21910, 0x000002a3c6c209e0,
0x000002a3cb66dfa0, 0x000002a3caf08360, 0x000002a3caf08d80, 0x000002a3caf09290,
0x000002a3caf06500, 0x000002a3caf05ff0, 0x000002a3d9bf3430, 0x000002a3d9bf5290,
0x000002a3d1aa8490, 0x000002a3d1542820, 0x000002a3d33e2570, 0x000002a3c6c1fab0,
0x000002a3d04f0cc0, 0x000002a3bfad7db0, 0x000002a3d3ed09a0
}

Java Threads: ( => current thread )
  0x000002a32853fbf0 JavaThread "main" [_thread_blocked, id=13124, stack(0x000000c35c800000,0x000000c35c900000)]
  0x000002a365756ba0 JavaThread "Reference Handler" daemon [_thread_blocked, id=14748, stack(0x000000c35cf00000,0x000000c35d000000)]
  0x000002a365757280 JavaThread "Finalizer" daemon [_thread_blocked, id=8696, stack(0x000000c35d000000,0x000000c35d100000)]
  0x000002a3ab00d1e0 JavaThread "Signal Dispatcher" daemon [_thread_blocked, id=7188, stack(0x000000c35d100000,0x000000c35d200000)]
  0x000002a3ab00f6d0 JavaThread "Attach Listener" daemon [_thread_blocked, id=14356, stack(0x000000c35d200000,0x000000c35d300000)]
  0x000002a3ab011bc0 JavaThread "Service Thread" daemon [_thread_blocked, id=6140, stack(0x000000c35d300000,0x000000c35d400000)]
  0x000002a3ab0120a0 JavaThread "Monitor Deflation Thread" daemon [_thread_blocked, id=6504, stack(0x000000c35d400000,0x000000c35d500000)]
  0x000002a3ab018980 JavaThread "C2 CompilerThread0" daemon [_thread_blocked, id=4804, stack(0x000000c35d500000,0x000000c35d600000)]
  0x000002a3ab018f50 JavaThread "C1 CompilerThread0" daemon [_thread_blocked, id=3940, stack(0x000000c35d600000,0x000000c35d700000)]
  0x000002a3ab023490 JavaThread "Sweeper thread" daemon [_thread_blocked, id=7684, stack(0x000000c35d700000,0x000000c35d800000)]
  0x000002a365743680 JavaThread "Common-Cleaner" daemon [_thread_blocked, id=376, stack(0x000000c35d800000,0x000000c35d900000)]
  0x000002a3ab20d410 JavaThread "Notification Thread" daemon [_thread_blocked, id=6820, stack(0x000000c35d900000,0x000000c35da00000)]
  0x000002a3ad154380 JavaThread "Daemon health stats" [_thread_blocked, id=3760, stack(0x000000c35e100000,0x000000c35e200000)]
  0x000002a3ac99f9b0 JavaThread "Incoming local TCP Connector on port 64833" [_thread_in_native, id=12056, stack(0x000000c35e200000,0x000000c35e300000)]
  0x000002a3ad0d7540 JavaThread "Daemon periodic checks" [_thread_blocked, id=14912, stack(0x000000c35e300000,0x000000c35e400000)]
  0x000002a3abf92830 JavaThread "Cache worker for journal cache (C:\Users\praka\.gradle\caches\journal-1)" [_thread_blocked, id=10796, stack(0x000000c35eb00000,0x000000c35ec00000)]
  0x000002a3abf92d40 JavaThread "File lock request listener" [_thread_in_native, id=9052, stack(0x000000c35ec00000,0x000000c35ed00000)]
  0x000002a3abf93250 JavaThread "Cache worker for file hash cache (C:\Users\praka\.gradle\caches\8.14\fileHashes)" [_thread_blocked, id=3628, stack(0x000000c35ed00000,0x000000c35ee00000)]
  0x000002a3ad55dd50 JavaThread "File watcher server" daemon [_thread_blocked, id=15140, stack(0x000000c35f300000,0x000000c35f400000)]
  0x000002a3ad55c910 JavaThread "File watcher consumer" daemon [_thread_blocked, id=15088, stack(0x000000c35f400000,0x000000c35f500000)]
  0x000002a3b1155230 JavaThread "Cache worker for file content cache (C:\Users\praka\.gradle\caches\8.14\fileContent)" [_thread_blocked, id=9184, stack(0x000000c35f500000,0x000000c35f600000)]
  0x000002a3ac54f590 JavaThread "Memory manager" [_thread_blocked, id=13568, stack(0x000000c35f700000,0x000000c35f800000)]
  0x000002a3aed56620 JavaThread "RMI Scheduler(0)" daemon [_thread_blocked, id=5972, stack(0x000000c363200000,0x000000c363300000)]
  0x000002a3aed57550 JavaThread "RMI TCP Accept-0" daemon [_thread_in_native, id=4192, stack(0x000000c363600000,0x000000c363700000)]
  0x000002a3b21212e0 JavaThread "jar transforms" [_thread_blocked, id=12732, stack(0x000000c35c600000,0x000000c35c700000)]
  0x000002a3b2123140 JavaThread "jar transforms Thread 2" [_thread_blocked, id=15172, stack(0x000000c365b00000,0x000000c365c00000)]
  0x000002a3b2123650 JavaThread "jar transforms Thread 3" [_thread_blocked, id=13832, stack(0x000000c365d00000,0x000000c365e00000)]
  0x000002a3c1890040 JavaThread "jar transforms Thread 4" [_thread_blocked, id=8948, stack(0x000000c366000000,0x000000c366100000)]
  0x000002a3c1890550 JavaThread "jar transforms Thread 5" [_thread_blocked, id=11920, stack(0x000000c366100000,0x000000c366200000)]
  0x000002a3c1891ea0 JavaThread "jar transforms Thread 6" [_thread_blocked, id=13992, stack(0x000000c366200000,0x000000c366300000)]
  0x000002a3c1893d00 JavaThread "jar transforms Thread 7" [_thread_blocked, id=2504, stack(0x000000c366300000,0x000000c366400000)]
  0x000002a3c1894210 JavaThread "jar transforms Thread 8" [_thread_blocked, id=10088, stack(0x000000c366400000,0x000000c366500000)]
  0x000002a3cb3b9cc0 JavaThread "Java2D Disposer" daemon [_thread_blocked, id=4700, stack(0x000000c368f00000,0x000000c369000000)]
  0x000002a3cb3b92a0 JavaThread "AWT-Windows" daemon [_thread_in_native, id=11688, stack(0x000000c369100000,0x000000c369200000)]
  0x000002a3cb3b97b0 JavaThread "DefaultDispatcher-worker-1" daemon [_thread_blocked, id=6492, stack(0x000000c369400000,0x000000c369500000)]
  0x000002a3cb3b6510 JavaThread "DefaultDispatcher-worker-2" daemon [_thread_blocked, id=11740, stack(0x000000c369500000,0x000000c369600000)]
  0x000002a3cb3babf0 JavaThread "DefaultDispatcher-worker-3" daemon [_thread_blocked, id=6200, stack(0x000000c369600000,0x000000c369700000)]
  0x000002a3cbbdf570 JavaThread "Periodic tasks thread" daemon [_thread_blocked, id=4260, stack(0x000000c369700000,0x000000c369800000)]
  0x000002a3cbbdfa80 JavaThread "ApplicationImpl pooled thread 1" [_thread_blocked, id=14728, stack(0x000000c369800000,0x000000c369900000)]
  0x000002a3d1ef9590 JavaThread "Cache worker for Java compile cache (C:\Users\praka\.gradle\caches\8.14\javaCompile)" [_thread_blocked, id=11356, stack(0x000000c366b00000,0x000000c366c00000)]
  0x000002a3b00effe0 JavaThread "RMI TCP Accept-0" daemon [_thread_in_native, id=15136, stack(0x000000c369200000,0x000000c369300000)]
  0x000002a3d8499a10 JavaThread "DefaultDispatcher-worker-1" daemon [_thread_blocked, id=10392, stack(0x000000c366500000,0x000000c366600000)]
  0x000002a3d2a5eb40 JavaThread "DefaultDispatcher-worker-2" daemon [_thread_blocked, id=1464, stack(0x000000c367900000,0x000000c367a00000)]
  0x000002a3d8496260 JavaThread "DefaultDispatcher-worker-3" daemon [_thread_blocked, id=9884, stack(0x000000c368700000,0x000000c368800000)]
  0x000002a3ac548b40 JavaThread "DefaultDispatcher-worker-5" daemon [_thread_blocked, id=9396, stack(0x000000c368800000,0x000000c368900000)]
  0x000002a3ca948250 JavaThread "DefaultDispatcher-worker-4" daemon [_thread_blocked, id=6816, stack(0x000000c368900000,0x000000c368a00000)]
  0x000002a3b00efad0 JavaThread "DefaultDispatcher-worker-6" daemon [_thread_blocked, id=12064, stack(0x000000c368a00000,0x000000c368b00000)]
  0x000002a3d88c3130 JavaThread "DefaultDispatcher-worker-7" daemon [_thread_blocked, id=10020, stack(0x000000c368b00000,0x000000c368c00000)]
  0x000002a3d88f4740 JavaThread "DefaultDispatcher-worker-8" daemon [_thread_blocked, id=1740, stack(0x000000c368e00000,0x000000c368f00000)]
  0x000002a3ac54d730 JavaThread "DefaultDispatcher-worker-4" daemon [_thread_blocked, id=4412, stack(0x000000c369b00000,0x000000c369c00000)]
  0x000002a3d88c4060 JavaThread "DefaultDispatcher-worker-5" daemon [_thread_blocked, id=8300, stack(0x000000c363300000,0x000000c363400000)]
  0x000002a3d1b6edf0 JavaThread "Daemon Thread 3" [_thread_blocked, id=13608, stack(0x000000c35e500000,0x000000c35e600000)]
  0x000002a3d04f02a0 JavaThread "Handler for socket connection from /127.0.0.1:64833 to /127.0.0.1:57476" [_thread_in_native, id=11372, stack(0x000000c35e600000,0x000000c35e700000)]
  0x000002a3c8ea5020 JavaThread "Cancel handler" [_thread_blocked, id=13336, stack(0x000000c35e700000,0x000000c35e800000)]
  0x000002a3c79116f0 JavaThread "Daemon worker Thread 3" [_thread_blocked, id=9328, stack(0x000000c35e800000,0x000000c35e900000)]
  0x000002a3da103140 JavaThread "Asynchronous log dispatcher for DefaultDaemonConnection: socket connection from /127.0.0.1:64833 to /127.0.0.1:57476" [_thread_blocked, id=1728, stack(0x000000c35e900000,0x000000c35ea00000)]
  0x000002a3da101d00 JavaThread "Stdin handler" [_thread_blocked, id=12548, stack(0x000000c35ea00000,0x000000c35eb00000)]
  0x000002a3da104070 JavaThread "Daemon client event forwarder" [_thread_blocked, id=6448, stack(0x000000c35f000000,0x000000c35f100000)]
  0x000002a3da1017f0 JavaThread "Cache worker for file hash cache (C:\Projects\Weekend\android\.gradle\8.14\fileHashes)" [_thread_blocked, id=14544, stack(0x000000c35f100000,0x000000c35f200000)]
  0x000002a3da102210 JavaThread "Cache worker for Build Output Cleanup Cache (C:\Projects\Weekend\android\.gradle\buildOutputCleanup)" [_thread_blocked, id=2356, stack(0x000000c35f800000,0x000000c35f900000)]
  0x000002a3c8ea6460 JavaThread "Cache worker for checksums cache (C:\Projects\Weekend\android\.gradle\8.14\checksums)" [_thread_blocked, id=11520, stack(0x000000c35c500000,0x000000c35c600000)]
  0x000002a3b0be1fd0 JavaThread "Cache worker for cache directory md-supplier (C:\Users\praka\.gradle\caches\8.14\md-supplier)" [_thread_blocked, id=11788, stack(0x000000c35f900000,0x000000c35fa00000)]
  0x000002a3da102720 JavaThread "Cache worker for cache directory md-rule (C:\Users\praka\.gradle\caches\8.14\md-rule)" [_thread_blocked, id=1216, stack(0x000000c35fa00000,0x000000c35fb00000)]
  0x000002a3c8ea4600 JavaThread "Cache worker for Build Output Cleanup Cache (C:\Flutter\packages\flutter_tools\gradle\.gradle\buildOutputCleanup)" [_thread_blocked, id=3192, stack(0x000000c35fb00000,0x000000c35fc00000)]
  0x000002a3c8ea5530 JavaThread "Unconstrained build operations" [_thread_blocked, id=2548, stack(0x000000c35fc00000,0x000000c35fd00000)]
  0x000002a3c8ea36d0 JavaThread "Unconstrained build operations Thread 2" [_thread_blocked, id=14456, stack(0x000000c35fd00000,0x000000c35fe00000)]
  0x000002a3c8ea5a40 JavaThread "Unconstrained build operations Thread 3" [_thread_blocked, id=1928, stack(0x000000c35fe00000,0x000000c35ff00000)]
  0x000002a3c8ea5f50 JavaThread "Unconstrained build operations Thread 4" [_thread_blocked, id=4280, stack(0x000000c35ff00000,0x000000c360000000)]
  0x000002a3c8ea6970 JavaThread "Unconstrained build operations Thread 5" [_thread_blocked, id=5992, stack(0x000000c360000000,0x000000c360100000)]
  0x000002a3d04f16e0 JavaThread "Unconstrained build operations Thread 6" [_thread_blocked, id=4956, stack(0x000000c360100000,0x000000c360200000)]
  0x000002a3d88f3810 JavaThread "Unconstrained build operations Thread 7" [_thread_blocked, id=13060, stack(0x000000c360200000,0x000000c360300000)]
  0x000002a3d2a5f560 JavaThread "Unconstrained build operations Thread 8" [_thread_blocked, id=3164, stack(0x000000c35db00000,0x000000c35dc00000)]
  0x000002a3d2a5e120 JavaThread "Unconstrained build operations Thread 9" [_thread_blocked, id=9104, stack(0x000000c360300000,0x000000c360400000)]
  0x000002a3d2a5fa70 JavaThread "Unconstrained build operations Thread 10" [_thread_blocked, id=8596, stack(0x000000c360400000,0x000000c360500000)]
  0x000002a3d2a5d1f0 JavaThread "Unconstrained build operations Thread 11" [_thread_blocked, id=10048, stack(0x000000c360500000,0x000000c360600000)]
  0x000002a3c790e450 JavaThread "Unconstrained build operations Thread 12" [_thread_blocked, id=9528, stack(0x000000c360600000,0x000000c360700000)]
  0x000002a3c7910cd0 JavaThread "Unconstrained build operations Thread 13" [_thread_blocked, id=3004, stack(0x000000c360700000,0x000000c360800000)]
  0x000002a3c79111e0 JavaThread "Unconstrained build operations Thread 14" [_thread_blocked, id=2884, stack(0x000000c360800000,0x000000c360900000)]
  0x000002a3d1b6c570 JavaThread "build event listener" [_thread_blocked, id=15012, stack(0x000000c35e400000,0x000000c35e500000)]
  0x000002a3c8582930 JavaThread "Execution worker" [_thread_blocked, id=14440, stack(0x000000c360a00000,0x000000c360b00000)]
  0x000002a3c8581f10 JavaThread "Execution worker Thread 2" [_thread_blocked, id=5264, stack(0x000000c360b00000,0x000000c360c00000)]
  0x000002a3c85800b0 JavaThread "Execution worker Thread 3" [_thread_blocked, id=13344, stack(0x000000c360c00000,0x000000c360d00000)]
  0x000002a3c856a7e0 JavaThread "Execution worker Thread 4" [_thread_blocked, id=6852, stack(0x000000c360d00000,0x000000c360e00000)]
  0x000002a3c856bc20 JavaThread "Execution worker Thread 5" [_thread_blocked, id=5356, stack(0x000000c360e00000,0x000000c360f00000)]
  0x000002a3b0be0170 JavaThread "Execution worker Thread 6" [_thread_blocked, id=4944, stack(0x000000c360f00000,0x000000c361000000)]
  0x000002a3d04f2100 JavaThread "Execution worker Thread 7" [_thread_blocked, id=10716, stack(0x000000c361000000,0x000000c361100000)]
  0x000002a3c856acf0 JavaThread "Cache worker for execution history cache (C:\Flutter\packages\flutter_tools\gradle\.gradle\8.14\executionHistory)" [_thread_blocked, id=6676, stack(0x000000c361100000,0x000000c361200000)]
  0x000002a3b0be0680 JavaThread "Unconstrained build operations Thread 15" [_thread_blocked, id=9900, stack(0x000000c361200000,0x000000c361300000)]
  0x000002a3b0be10a0 JavaThread "Unconstrained build operations Thread 16" [_thread_blocked, id=2872, stack(0x000000c361400000,0x000000c361500000)]
  0x000002a3b0bdf750 JavaThread "Unconstrained build operations Thread 17" [_thread_blocked, id=5268, stack(0x000000c361500000,0x000000c361600000)]
  0x000002a3b0bded30 JavaThread "Unconstrained build operations Thread 18" [_thread_blocked, id=11052, stack(0x000000c361600000,0x000000c361700000)]
  0x000002a3b0be24e0 JavaThread "Unconstrained build operations Thread 19" [_thread_blocked, id=2840, stack(0x000000c361700000,0x000000c361800000)]
  0x000002a3b0be15b0 JavaThread "Unconstrained build operations Thread 20" [_thread_blocked, id=6512, stack(0x000000c361800000,0x000000c361900000)]
  0x000002a3b0be29f0 JavaThread "Unconstrained build operations Thread 21" [_thread_blocked, id=12004, stack(0x000000c361900000,0x000000c361a00000)]
  0x000002a3b0be0b90 JavaThread "Unconstrained build operations Thread 22" [_thread_blocked, id=9744, stack(0x000000c361a00000,0x000000c361b00000)]
  0x000002a3b0be1ac0 JavaThread "Unconstrained build operations Thread 23" [_thread_blocked, id=7252, stack(0x000000c361b00000,0x000000c361c00000)]
  0x000002a3b0bdfc60 JavaThread "Unconstrained build operations Thread 24" [_thread_blocked, id=4580, stack(0x000000c361c00000,0x000000c361d00000)]
  0x000002a3b0bdf240 JavaThread "Unconstrained build operations Thread 25" [_thread_blocked, id=15276, stack(0x000000c361d00000,0x000000c361e00000)]
  0x000002a3c6c1ffc0 JavaThread "Unconstrained build operations Thread 26" [_thread_blocked, id=13452, stack(0x000000c361e00000,0x000000c361f00000)]
  0x000002a3c8580fe0 JavaThread "Unconstrained build operations Thread 27" [_thread_blocked, id=5984, stack(0x000000c361f00000,0x000000c362000000)]
  0x000002a3c85814f0 JavaThread "Unconstrained build operations Thread 28" [_thread_blocked, id=14868, stack(0x000000c362000000,0x000000c362100000)]
  0x000002a3c8582420 JavaThread "Unconstrained build operations Thread 29" [_thread_blocked, id=624, stack(0x000000c362100000,0x000000c362200000)]
  0x000002a3d1f29f80 JavaThread "Unconstrained build operations Thread 30" [_thread_blocked, id=13644, stack(0x000000c362200000,0x000000c362300000)]
  0x000002a3d1b6e8e0 JavaThread "Unconstrained build operations Thread 31" [_thread_blocked, id=13392, stack(0x000000c362300000,0x000000c362400000)]
  0x000002a3d1b6d9b0 JavaThread "Unconstrained build operations Thread 32" [_thread_blocked, id=6932, stack(0x000000c362400000,0x000000c362500000)]
  0x000002a3d1ef6d10 JavaThread "Unconstrained build operations Thread 33" [_thread_blocked, id=4336, stack(0x000000c362500000,0x000000c362600000)]
  0x000002a3c6c22840 JavaThread "Unconstrained build operations Thread 34" [_thread_blocked, id=12388, stack(0x000000c362600000,0x000000c362700000)]
  0x000002a3caf06a10 JavaThread "Unconstrained build operations Thread 35" [_thread_blocked, id=14584, stack(0x000000c362700000,0x000000c362800000)]
  0x000002a3caf07430 JavaThread "Unconstrained build operations Thread 36" [_thread_blocked, id=4088, stack(0x000000c362800000,0x000000c362900000)]
  0x000002a3d22a9fb0 JavaThread "Unconstrained build operations Thread 37" [_thread_blocked, id=8232, stack(0x000000c362900000,0x000000c362a00000)]
  0x000002a3d1ef7c40 JavaThread "Unconstrained build operations Thread 38" [_thread_blocked, id=10908, stack(0x000000c362a00000,0x000000c362b00000)]
  0x000002a3d1ef5de0 JavaThread "Unconstrained build operations Thread 39" [_thread_blocked, id=4372, stack(0x000000c362b00000,0x000000c362c00000)]
  0x000002a3d1ef7730 JavaThread "Unconstrained build operations Thread 40" [_thread_blocked, id=6544, stack(0x000000c362c00000,0x000000c362d00000)]
  0x000002a3d1ef8b70 JavaThread "Unconstrained build operations Thread 41" [_thread_blocked, id=6644, stack(0x000000c362d00000,0x000000c362e00000)]
  0x000002a3d1ef8660 JavaThread "Unconstrained build operations Thread 42" [_thread_blocked, id=6716, stack(0x000000c362e00000,0x000000c362f00000)]
  0x000002a3d1ef7220 JavaThread "Unconstrained build operations Thread 43" [_thread_blocked, id=11816, stack(0x000000c362f00000,0x000000c363000000)]
  0x000002a3daa89ab0 JavaThread "Unconstrained build operations Thread 44" [_thread_blocked, id=14244, stack(0x000000c363000000,0x000000c363100000)]
  0x000002a3daa8b400 JavaThread "build event listener" [_thread_blocked, id=13612, stack(0x000000c363100000,0x000000c363200000)]
  0x000002a3daa89fc0 JavaThread "Unconstrained build operations Thread 45" [_thread_blocked, id=8248, stack(0x000000c363400000,0x000000c363500000)]
  0x000002a3daa8be20 JavaThread "Unconstrained build operations Thread 46" [_thread_blocked, id=7756, stack(0x000000c363800000,0x000000c363900000)]
  0x000002a3daa8a4d0 JavaThread "Unconstrained build operations Thread 47" [_thread_blocked, id=10384, stack(0x000000c363900000,0x000000c363a00000)]
  0x000002a3d1ef9080 JavaThread "Unconstrained build operations Thread 48" [_thread_blocked, id=10976, stack(0x000000c363a00000,0x000000c363b00000)]
  0x000002a3d1ef62f0 JavaThread "Unconstrained build operations Thread 49" [_thread_blocked, id=11568, stack(0x000000c363b00000,0x000000c363c00000)]
  0x000002a3d1ef6800 JavaThread "Unconstrained build operations Thread 50" [_thread_blocked, id=4704, stack(0x000000c363c00000,0x000000c363d00000)]
  0x000002a3d2ef4ea0 JavaThread "Unconstrained build operations Thread 51" [_thread_blocked, id=6464, stack(0x000000c363d00000,0x000000c363e00000)]
  0x000002a3d2ef58c0 JavaThread "Unconstrained build operations Thread 52" [_thread_blocked, id=5472, stack(0x000000c363e00000,0x000000c363f00000)]
  0x000002a3d2ef67f0 JavaThread "Unconstrained build operations Thread 53" [_thread_blocked, id=180, stack(0x000000c363f00000,0x000000c364000000)]
  0x000002a3d04f3030 JavaThread "Unconstrained build operations Thread 54" [_thread_blocked, id=12320, stack(0x000000c364000000,0x000000c364100000)]
  0x000002a3c917efc0 JavaThread "Problems report writer" [_thread_blocked, id=2440, stack(0x000000c364100000,0x000000c364200000)]
  0x000002a3d04b8010 JavaThread "Unconstrained build operations Thread 55" [_thread_blocked, id=3204, stack(0x000000c364200000,0x000000c364300000)]
  0x000002a3d1f26ce0 JavaThread "Unconstrained build operations Thread 56" [_thread_blocked, id=4652, stack(0x000000c364300000,0x000000c364400000)]
  0x000002a3d1f271f0 JavaThread "Unconstrained build operations Thread 57" [_thread_blocked, id=812, stack(0x000000c364400000,0x000000c364500000)]
  0x000002a3d1f267d0 JavaThread "Unconstrained build operations Thread 58" [_thread_blocked, id=3592, stack(0x000000c364500000,0x000000c364600000)]
  0x000002a3d1f27c10 JavaThread "Unconstrained build operations Thread 59" [_thread_blocked, id=14704, stack(0x000000c364700000,0x000000c364800000)]
  0x000002a3d1f28120 JavaThread "Unconstrained build operations Thread 60" [_thread_blocked, id=3448, stack(0x000000c364800000,0x000000c364900000)]
  0x000002a3d1f28b40 JavaThread "Unconstrained build operations Thread 61" [_thread_blocked, id=7004, stack(0x000000c364900000,0x000000c364a00000)]
  0x000002a3d04b8f40 JavaThread "Unconstrained build operations Thread 62" [_thread_blocked, id=15344, stack(0x000000c364600000,0x000000c364700000)]
  0x000002a3c8cc6c70 JavaThread "Unconstrained build operations Thread 63" [_thread_blocked, id=5516, stack(0x000000c364a00000,0x000000c364b00000)]
  0x000002a3cb66e9c0 JavaThread "Unconstrained build operations Thread 64" [_thread_blocked, id=10428, stack(0x000000c364b00000,0x000000c364c00000)]
  0x000002a3cb66f3e0 JavaThread "Unconstrained build operations Thread 65" [_thread_blocked, id=11572, stack(0x000000c364c00000,0x000000c364d00000)]
  0x000002a3cb66e4b0 JavaThread "Unconstrained build operations Thread 66" [_thread_blocked, id=13764, stack(0x000000c364d00000,0x000000c364e00000)]
  0x000002a3cb66eed0 JavaThread "Unconstrained build operations Thread 67" [_thread_blocked, id=12044, stack(0x000000c364e00000,0x000000c364f00000)]
  0x000002a3cb66f8f0 JavaThread "Unconstrained build operations Thread 68" [_thread_blocked, id=15168, stack(0x000000c364f00000,0x000000c365000000)]
  0x000002a3d1f29050 JavaThread "Unconstrained build operations Thread 69" [_thread_blocked, id=6800, stack(0x000000c365000000,0x000000c365100000)]
  0x000002a3d1f29560 JavaThread "Unconstrained build operations Thread 70" [_thread_blocked, id=11060, stack(0x000000c365100000,0x000000c365200000)]
  0x000002a3d88c4570 JavaThread "Unconstrained build operations Thread 71" [_thread_blocked, id=14204, stack(0x000000c365200000,0x000000c365300000)]
  0x000002a3d88c4a80 JavaThread "Unconstrained build operations Thread 72" [_thread_blocked, id=2184, stack(0x000000c365300000,0x000000c365400000)]
  0x000002a3cbd2c7e0 JavaThread "Unconstrained build operations Thread 73" [_thread_blocked, id=14520, stack(0x000000c365400000,0x000000c365500000)]
  0x000002a3d33e2a80 JavaThread "Unconstrained build operations Thread 74" [_thread_blocked, id=14676, stack(0x000000c365500000,0x000000c365600000)]
  0x000002a3d33e39b0 JavaThread "Unconstrained build operations Thread 75" [_thread_blocked, id=10580, stack(0x000000c365600000,0x000000c365700000)]
  0x000002a3c79102b0 JavaThread "Unconstrained build operations Thread 76" [_thread_blocked, id=8972, stack(0x000000c365700000,0x000000c365800000)]
  0x000002a3c79107c0 JavaThread "Unconstrained build operations Thread 77" [_thread_blocked, id=11144, stack(0x000000c365800000,0x000000c365900000)]
  0x000002a3c790e960 JavaThread "Unconstrained build operations Thread 78" [_thread_blocked, id=4636, stack(0x000000c365900000,0x000000c365a00000)]
  0x000002a3c790fda0 JavaThread "Unconstrained build operations Thread 79" [_thread_blocked, id=9564, stack(0x000000c365a00000,0x000000c365b00000)]
  0x000002a3c790ee70 JavaThread "Unconstrained build operations Thread 80" [_thread_blocked, id=13120, stack(0x000000c365c00000,0x000000c365d00000)]
  0x000002a3d1543c60 JavaThread "included builds Thread 2" [_thread_blocked, id=12040, stack(0x000000c35c700000,0x000000c35c800000)]
  0x000002a3d33e2f90 JavaThread "Cache worker for execution history cache (C:\Projects\Weekend\android\.gradle\8.14\executionHistory)" [_thread_blocked, id=7160, stack(0x000000c360900000,0x000000c360a00000)]
  0x000002a3cbb8ec60 JavaThread "WorkerExecutor Queue" [_thread_blocked, id=1300, stack(0x000000c366700000,0x000000c366800000)]
  0x000002a3ca946e10 JavaThread "WorkerExecutor Queue Thread 2" [_thread_blocked, id=8580, stack(0x000000c366800000,0x000000c366900000)]
  0x000002a3caf097a0 JavaThread "WorkerExecutor Queue Thread 3" [_thread_blocked, id=620, stack(0x000000c366900000,0x000000c366a00000)]
  0x000002a3c6c1f090 JavaThread "WorkerExecutor Queue Thread 4" [_thread_blocked, id=7916, stack(0x000000c366a00000,0x000000c366b00000)]
  0x000002a3c6c22330 JavaThread "WorkerExecutor Queue Thread 5" [_thread_blocked, id=5940, stack(0x000000c366c00000,0x000000c366d00000)]
  0x000002a3c6c21910 JavaThread "WorkerExecutor Queue Thread 6" [_thread_blocked, id=9084, stack(0x000000c366d00000,0x000000c366e00000)]
  0x000002a3c6c209e0 JavaThread "WorkerExecutor Queue Thread 7" [_thread_blocked, id=6152, stack(0x000000c366e00000,0x000000c366f00000)]
  0x000002a3cb66dfa0 JavaThread "WorkerExecutor Queue Thread 9" [_thread_blocked, id=7680, stack(0x000000c367300000,0x000000c367400000)]
  0x000002a3caf08360 JavaThread "Build operations" [_thread_blocked, id=13132, stack(0x000000c366600000,0x000000c366700000)]
  0x000002a3caf08d80 JavaThread "Build operations Thread 2" [_thread_blocked, id=8556, stack(0x000000c367500000,0x000000c367600000)]
  0x000002a3caf09290 JavaThread "Build operations Thread 3" [_thread_blocked, id=900, stack(0x000000c367600000,0x000000c367700000)]
  0x000002a3caf06500 JavaThread "Build operations Thread 4" [_thread_blocked, id=5960, stack(0x000000c367700000,0x000000c367800000)]
  0x000002a3caf05ff0 JavaThread "Build operations Thread 5" [_thread_blocked, id=5236, stack(0x000000c367a00000,0x000000c367b00000)]
  0x000002a3d9bf3430 JavaThread "Build operations Thread 6" [_thread_blocked, id=14600, stack(0x000000c367b00000,0x000000c367c00000)]
  0x000002a3d9bf5290 JavaThread "Build operations Thread 7" [_thread_blocked, id=5360, stack(0x000000c367c00000,0x000000c367d00000)]
  0x000002a3d1aa8490 JavaThread "Build operations Thread 8" [_thread_blocked, id=12060, stack(0x000000c368000000,0x000000c368100000)]
  0x000002a3d1542820 JavaThread "RMI GC Daemon" daemon [_thread_blocked, id=796, stack(0x000000c363700000,0x000000c363800000)]
  0x000002a3d33e2570 JavaThread "RMI Reaper" [_thread_blocked, id=14060, stack(0x000000c365e00000,0x000000c365f00000)]
  0x000002a3c6c1fab0 JavaThread "RMI TCP Connection(idle)" daemon [_thread_blocked, id=3772, stack(0x000000c368600000,0x000000c368700000)]
  0x000002a3d04f0cc0 JavaThread "RMI RenewClean-[127.0.0.1:17886,org.jetbrains.kotlin.daemon.common.LoopbackNetworkInterface$ClientLoopbackSocketFactory@7f931edc]" daemon [_thread_blocked, id=15124, stack(0x000000c365f00000,0x000000c366000000)]
  0x000002a3bfad7db0 JavaThread "C2 CompilerThread1" daemon [_thread_blocked, id=15432, stack(0x000000c363500000,0x000000c363600000)]
  0x000002a3d3ed09a0 JavaThread "C2 CompilerThread2" daemon [_thread_blocked, id=15452, stack(0x000000c366f00000,0x000000c367000000)]

Other Threads:
=>0x000002a3657541f0 VMThread "VM Thread" [stack: 0x000000c35ce00000,0x000000c35cf00000] [id=4664]
  0x000002a3655827b0 WatcherThread [stack: 0x000000c35da00000,0x000000c35db00000] [id=14712]
  0x000002a3285ec7d0 GCTaskThread "GC Thread#0" [stack: 0x000000c35c900000,0x000000c35ca00000] [id=1488]
  0x000002a3ab2d9d70 GCTaskThread "GC Thread#1" [stack: 0x000000c35dc00000,0x000000c35dd00000] [id=14876]
  0x000002a3ab3fecc0 GCTaskThread "GC Thread#2" [stack: 0x000000c35dd00000,0x000000c35de00000] [id=10764]
  0x000002a3ac113a50 GCTaskThread "GC Thread#3" [stack: 0x000000c35df00000,0x000000c35e000000] [id=12408]
  0x000002a3ac113d10 GCTaskThread "GC Thread#4" [stack: 0x000000c35e000000,0x000000c35e100000] [id=7192]
  0x000002a3ace39dc0 GCTaskThread "GC Thread#5" [stack: 0x000000c35de00000,0x000000c35df00000] [id=5740]
  0x000002a3ada36f10 GCTaskThread "GC Thread#6" [stack: 0x000000c35ee00000,0x000000c35ef00000] [id=9684]
  0x000002a3ada371d0 GCTaskThread "GC Thread#7" [stack: 0x000000c35ef00000,0x000000c35f000000] [id=4644]
  0x000002a32621dfa0 ConcurrentGCThread "G1 Main Marker" [stack: 0x000000c35ca00000,0x000000c35cb00000] [id=8044]
  0x000002a32621ea20 ConcurrentGCThread "G1 Conc#0" [stack: 0x000000c35cb00000,0x000000c35cc00000] [id=14040]
  0x000002a3afd8d840 ConcurrentGCThread "G1 Conc#1" [stack: 0x000000c35f200000,0x000000c35f300000] [id=14588]
  0x000002a36560bd20 ConcurrentGCThread "G1 Refine#0" [stack: 0x000000c35cc00000,0x000000c35cd00000] [id=1760]
  0x000002a3b0d4e3e0 ConcurrentGCThread "G1 Refine#1" [stack: 0x000000c35f600000,0x000000c35f700000] [id=4988]
  0x000002a3bfbd1370 ConcurrentGCThread "G1 Refine#2" [stack: 0x000000c361300000,0x000000c361400000] [id=2228]
  0x000002a3c7e13640 ConcurrentGCThread "G1 Refine#3" [stack: 0x000000c367800000,0x000000c367900000] [id=9004]
  0x000002a3c8281450 ConcurrentGCThread "G1 Refine#4" [stack: 0x000000c368200000,0x000000c368300000] [id=2124]
  0x000002a3c8313470 ConcurrentGCThread "G1 Refine#5" [stack: 0x000000c368300000,0x000000c368400000] [id=9704]
  0x000002a3c6eb0190 ConcurrentGCThread "G1 Refine#6" [stack: 0x000000c368c00000,0x000000c368d00000] [id=5684]
  0x000002a3b1fb6ad0 ConcurrentGCThread "G1 Refine#7" [stack: 0x000000c368d00000,0x000000c368e00000] [id=6952]
  0x000002a36560e120 ConcurrentGCThread "G1 Service" [stack: 0x000000c35cd00000,0x000000c35ce00000] [id=6860]

Threads with active compile tasks:
C2 CompilerThread0  5756930 123260       4       kotlin.text.StringsKt__StringsKt::endsWith (39 bytes)
C2 CompilerThread1  5756930 123197       4       com.android.tools.r8.internal.Fc0::a (938 bytes)
C2 CompilerThread2  5756930 123228 %     4       com.android.tools.r8.internal.xo::a @ 9 (1134 bytes)

VM state: at safepoint (normal execution)

VM Mutex/Monitor currently owned by a thread:  ([mutex/lock_event])
[0x000002a32852a230] Threads_lock - owner thread: 0x000002a3657541f0
[0x000002a32853ca80] Heap_lock - owner thread: 0x000002a3d04f3030

Heap address: 0x0000000600000000, size: 8192 MB, Compressed Oops mode: Zero based, Oop shift amount: 3

CDS archive(s) mapped at: [0x000002a366000000-0x000002a366bd0000-0x000002a366bd0000), size 12386304, SharedBaseAddress: 0x000002a366000000, ArchiveRelocationMode: 1.
Compressed class space mapped at: 0x000002a367000000-0x000002a3a7000000, reserved size: 1073741824
Narrow klass base: 0x000002a366000000, Narrow klass shift: 0, Narrow klass range: 0x100000000

GC Precious Log:
 CPUs: 8 total, 8 available
 Memory: 7934M
 Large Page Support: Disabled
 NUMA Support: Disabled
 Compressed Oops: Enabled (Zero based)
 Heap Region Size: 4M
 Heap Min Capacity: 8M
 Heap Initial Capacity: 124M
 Heap Max Capacity: 8G
 Pre-touch: Disabled
 Parallel Workers: 8
 Concurrent Workers: 2
 Concurrent Refinement Workers: 8
 Periodic GC: Disabled

Heap:
 garbage-first heap   total 4694016K, used 806839K [0x0000000600000000, 0x0000000800000000)
  region size 4096K, 3 young (12288K), 3 survivors (12288K)
 Metaspace       used 485937K, committed 489664K, reserved 1507328K
  class space    used 59740K, committed 61568K, reserved 1048576K

Heap Regions: E=young(eden), S=young(survivor), O=old, HS=humongous(starts), HC=humongous(continues), CS=collection set, F=free, OA=open archive, CA=closed archive, TAMS=top-at-mark-start (previous, next)
|   0|0x0000000600000000, 0x0000000600400000, 0x0000000600400000|100%|HS|  |TAMS 0x0000000600400000, 0x0000000600000000| Complete 
|   1|0x0000000600400000, 0x0000000600800000, 0x0000000600800000|100%| O|  |TAMS 0x0000000600800000, 0x0000000600400000| Untracked 
|   2|0x0000000600800000, 0x0000000600c00000, 0x0000000600c00000|100%| O|  |TAMS 0x0000000600c00000, 0x0000000600800000| Untracked 
|   3|0x0000000600c00000, 0x0000000601000000, 0x0000000601000000|100%| O|  |TAMS 0x0000000601000000, 0x0000000600c00000| Untracked 
|   4|0x0000000601000000, 0x00000006013fffb8, 0x0000000601400000| 99%| O|  |TAMS 0x00000006013fffb8, 0x0000000601000000| Untracked 
|   5|0x0000000601400000, 0x00000006017ffff8, 0x0000000601800000| 99%| O|  |TAMS 0x00000006017ffff8, 0x0000000601400000| Untracked 
|   6|0x0000000601800000, 0x0000000601bfffe0, 0x0000000601c00000| 99%| O|  |TAMS 0x0000000601bfffe0, 0x0000000601800000| Untracked 
|   7|0x0000000601c00000, 0x0000000601fffff0, 0x0000000602000000| 99%| O|  |TAMS 0x0000000601fffff0, 0x0000000601c00000| Untracked 
|   8|0x0000000602000000, 0x00000006023ffff8, 0x0000000602400000| 99%| O|  |TAMS 0x00000006023ffff8, 0x0000000602000000| Untracked 
|   9|0x0000000602400000, 0x00000006027ffff8, 0x0000000602800000| 99%| O|  |TAMS 0x00000006027ffff8, 0x0000000602400000| Untracked 
|  10|0x0000000602800000, 0x0000000602bffff8, 0x0000000602c00000| 99%| O|  |TAMS 0x0000000602bffff8, 0x0000000602800000| Untracked 
|  11|0x0000000602c00000, 0x0000000603000000, 0x0000000603000000|100%| O|  |TAMS 0x0000000603000000, 0x0000000602c00000| Untracked 
|  12|0x0000000603000000, 0x0000000603400000, 0x0000000603400000|100%| O|  |TAMS 0x0000000603400000, 0x0000000603000000| Untracked 
|  13|0x0000000603400000, 0x00000006037ffff8, 0x0000000603800000| 99%| O|  |TAMS 0x00000006037ffff8, 0x0000000603400000| Untracked 
|  14|0x0000000603800000, 0x0000000603bffff0, 0x0000000603c00000| 99%| O|  |TAMS 0x0000000603bffff0, 0x0000000603800000| Untracked 
|  15|0x0000000603c00000, 0x0000000604000000, 0x0000000604000000|100%|HS|  |TAMS 0x0000000604000000, 0x0000000603c00000| Complete 
|  16|0x0000000604000000, 0x00000006043ff008, 0x0000000604400000| 99%| O|  |TAMS 0x00000006043ff008, 0x0000000604000000| Untracked 
|  17|0x0000000604400000, 0x00000006047fffe8, 0x0000000604800000| 99%| O|  |TAMS 0x00000006047fffe8, 0x0000000604400000| Untracked 
|  18|0x0000000604800000, 0x0000000604bffff0, 0x0000000604c00000| 99%| O|  |TAMS 0x0000000604bffff0, 0x0000000604800000| Untracked 
|  19|0x0000000604c00000, 0x0000000605000000, 0x0000000605000000|100%| O|  |TAMS 0x0000000605000000, 0x0000000604c00000| Untracked 
|  20|0x0000000605000000, 0x00000006053fffe8, 0x0000000605400000| 99%| O|  |TAMS 0x00000006053fffe8, 0x0000000605000000| Untracked 
|  21|0x0000000605400000, 0x000000060574e578, 0x0000000605800000| 82%| O|  |TAMS 0x000000060574e578, 0x0000000605400000| Untracked 
|  22|0x0000000605800000, 0x0000000605c00000, 0x0000000605c00000|100%|HS|  |TAMS 0x0000000605c00000, 0x0000000605800000| Complete 
|  23|0x0000000605c00000, 0x0000000605ffffd8, 0x0000000606000000| 99%| O|  |TAMS 0x0000000605ffffd8, 0x0000000605c00000| Untracked 
|  24|0x0000000606000000, 0x0000000606400000, 0x0000000606400000|100%| O|  |TAMS 0x0000000606400000, 0x0000000606000000| Untracked 
|  25|0x0000000606400000, 0x00000006067ffff0, 0x0000000606800000| 99%| O|  |TAMS 0x00000006067ffff0, 0x0000000606400000| Untracked 
|  26|0x0000000606800000, 0x0000000606bfff68, 0x0000000606c00000| 99%| O|  |TAMS 0x0000000606bfff68, 0x0000000606800000| Untracked 
|  27|0x0000000606c00000, 0x0000000606fffff0, 0x0000000607000000| 99%| O|  |TAMS 0x0000000606fffff0, 0x0000000606c00000| Untracked 
|  28|0x0000000607000000, 0x0000000607400000, 0x0000000607400000|100%| O|  |TAMS 0x0000000607400000, 0x0000000607000000| Untracked 
|  29|0x0000000607400000, 0x00000006077fffe0, 0x0000000607800000| 99%| O|  |TAMS 0x00000006077fffe0, 0x0000000607400000| Untracked 
|  30|0x0000000607800000, 0x0000000607bfffe0, 0x0000000607c00000| 99%| O|  |TAMS 0x0000000607bfffe0, 0x0000000607800000| Untracked 
|  31|0x0000000607c00000, 0x0000000607ffb728, 0x0000000608000000| 99%| O|  |TAMS 0x0000000607ffb728, 0x0000000607c00000| Untracked 
|  32|0x0000000608000000, 0x0000000608346bd0, 0x0000000608400000| 81%| O|  |TAMS 0x0000000608346bd0, 0x0000000608000000| Untracked 
|  33|0x0000000608400000, 0x00000006086ff830, 0x0000000608800000| 74%| O|  |TAMS 0x00000006086ff830, 0x0000000608400000| Untracked 
|  34|0x0000000608800000, 0x0000000608b6c168, 0x0000000608c00000| 85%| O|  |TAMS 0x0000000608b6c168, 0x0000000608800000| Untracked 
|  35|0x0000000608c00000, 0x0000000608ffff48, 0x0000000609000000| 99%| O|  |TAMS 0x0000000608ffff48, 0x0000000608c00000| Untracked 
|  36|0x0000000609000000, 0x0000000609377a60, 0x0000000609400000| 86%| O|  |TAMS 0x0000000609377a60, 0x0000000609000000| Untracked 
|  37|0x0000000609400000, 0x00000006097f4098, 0x0000000609800000| 98%| O|  |TAMS 0x00000006097f4098, 0x0000000609400000| Untracked 
|  38|0x0000000609800000, 0x0000000609c00000, 0x0000000609c00000|100%| O|  |TAMS 0x0000000609c00000, 0x0000000609800000| Untracked 
|  39|0x0000000609c00000, 0x0000000609ffffe0, 0x000000060a000000| 99%| O|  |TAMS 0x0000000609ffffe0, 0x0000000609c00000| Untracked 
|  40|0x000000060a000000, 0x000000060a3fffa0, 0x000000060a400000| 99%| O|  |TAMS 0x000000060a3fffa0, 0x000000060a000000| Untracked 
|  41|0x000000060a400000, 0x000000060a7fffd8, 0x000000060a800000| 99%| O|  |TAMS 0x000000060a7fffd8, 0x000000060a400000| Untracked 
|  42|0x000000060a800000, 0x000000060abffff8, 0x000000060ac00000| 99%| O|  |TAMS 0x000000060abffff8, 0x000000060a800000| Untracked 
|  43|0x000000060ac00000, 0x000000060affffe8, 0x000000060b000000| 99%| O|  |TAMS 0x000000060affffe8, 0x000000060ac00000| Untracked 
|  44|0x000000060b000000, 0x000000060b400000, 0x000000060b400000|100%|HS|  |TAMS 0x000000060b400000, 0x000000060b000000| Complete 
|  45|0x000000060b400000, 0x000000060b7ffff8, 0x000000060b800000| 99%| O|  |TAMS 0x000000060b7ffff8, 0x000000060b400000| Untracked 
|  46|0x000000060b800000, 0x000000060bbfffc0, 0x000000060bc00000| 99%| O|  |TAMS 0x000000060bbfffc0, 0x000000060b800000| Untracked 
|  47|0x000000060bc00000, 0x000000060bffbb58, 0x000000060c000000| 99%| O|  |TAMS 0x000000060bffbb58, 0x000000060bc00000| Untracked 
|  48|0x000000060c000000, 0x000000060c400000, 0x000000060c400000|100%| O|  |TAMS 0x000000060c000000, 0x000000060c000000| Untracked 
|  49|0x000000060c400000, 0x000000060c7ffff8, 0x000000060c800000| 99%| O|  |TAMS 0x000000060c7ffff8, 0x000000060c400000| Untracked 
|  50|0x000000060c800000, 0x000000060cbf3e60, 0x000000060cc00000| 98%| O|  |TAMS 0x000000060cbf3e60, 0x000000060c800000| Untracked 
|  51|0x000000060cc00000, 0x000000060d000000, 0x000000060d000000|100%| O|  |TAMS 0x000000060d000000, 0x000000060cc00000| Untracked 
|  52|0x000000060d000000, 0x000000060d3fffc8, 0x000000060d400000| 99%| O|  |TAMS 0x000000060d3fffc8, 0x000000060d000000| Untracked 
|  53|0x000000060d400000, 0x000000060d7fffe0, 0x000000060d800000| 99%| O|  |TAMS 0x000000060d7fffe0, 0x000000060d400000| Untracked 
|  54|0x000000060d800000, 0x000000060dbffff8, 0x000000060dc00000| 99%| O|  |TAMS 0x000000060dbffff8, 0x000000060d800000| Untracked 
|  55|0x000000060dc00000, 0x000000060dffffd8, 0x000000060e000000| 99%| O|  |TAMS 0x000000060dffffd8, 0x000000060dc00000| Untracked 
|  56|0x000000060e000000, 0x000000060e340ae0, 0x000000060e400000| 81%| O|  |TAMS 0x000000060e340ae0, 0x000000060e000000| Untracked 
|  57|0x000000060e400000, 0x000000060e7f9048, 0x000000060e800000| 99%| O|  |TAMS 0x000000060e7f9048, 0x000000060e400000| Untracked 
|  58|0x000000060e800000, 0x000000060ebffff0, 0x000000060ec00000| 99%| O|  |TAMS 0x000000060ebffff0, 0x000000060e800000| Untracked 
|  59|0x000000060ec00000, 0x000000060efffff0, 0x000000060f000000| 99%| O|  |TAMS 0x000000060efffff0, 0x000000060ec00000| Untracked 
|  60|0x000000060f000000, 0x000000060f3ffff0, 0x000000060f400000| 99%| O|  |TAMS 0x000000060f3ffff0, 0x000000060f000000| Untracked 
|  61|0x000000060f400000, 0x000000060f800000, 0x000000060f800000|100%| O|  |TAMS 0x000000060f800000, 0x000000060f400000| Untracked 
|  62|0x000000060f800000, 0x000000060fc00000, 0x000000060fc00000|100%| O|  |TAMS 0x000000060fc00000, 0x000000060f800000| Untracked 
|  63|0x000000060fc00000, 0x000000060ffff150, 0x0000000610000000| 99%| O|  |TAMS 0x000000060ffff150, 0x000000060fc00000| Untracked 
|  64|0x0000000610000000, 0x0000000610400000, 0x0000000610400000|100%| O|  |TAMS 0x0000000610400000, 0x0000000610000000| Untracked 
|  65|0x0000000610400000, 0x00000006107ffff8, 0x0000000610800000| 99%| O|  |TAMS 0x00000006107ffff8, 0x0000000610400000| Untracked 
|  66|0x0000000610800000, 0x0000000610c00000, 0x0000000610c00000|100%| O|  |TAMS 0x0000000610c00000, 0x0000000610800000| Untracked 
|  67|0x0000000610c00000, 0x0000000610ffffe8, 0x0000000611000000| 99%| O|  |TAMS 0x0000000610ffffe8, 0x0000000610c00000| Untracked 
|  68|0x0000000611000000, 0x00000006113fffe8, 0x0000000611400000| 99%| O|  |TAMS 0x00000006113fffe8, 0x0000000611000000| Untracked 
|  69|0x0000000611400000, 0x0000000611800000, 0x0000000611800000|100%| O|  |TAMS 0x0000000611800000, 0x0000000611400000| Untracked 
|  70|0x0000000611800000, 0x0000000611bfc510, 0x0000000611c00000| 99%| O|  |TAMS 0x0000000611bfc510, 0x0000000611800000| Untracked 
|  71|0x0000000611c00000, 0x0000000612000000, 0x0000000612000000|100%| O|  |TAMS 0x0000000612000000, 0x0000000611c00000| Untracked 
|  72|0x0000000612000000, 0x00000006123ffea0, 0x0000000612400000| 99%| O|  |TAMS 0x00000006123ffea0, 0x0000000612000000| Untracked 
|  73|0x0000000612400000, 0x00000006127ff288, 0x0000000612800000| 99%| O|  |TAMS 0x00000006127ff288, 0x0000000612400000| Untracked 
|  74|0x0000000612800000, 0x0000000612c00000, 0x0000000612c00000|100%|HS|  |TAMS 0x0000000612c00000, 0x0000000612800000| Complete 
|  75|0x0000000612c00000, 0x0000000612fffff8, 0x0000000613000000| 99%| O|  |TAMS 0x0000000612fffff8, 0x0000000612c00000| Untracked 
|  76|0x0000000613000000, 0x00000006133ffff0, 0x0000000613400000| 99%| O|  |TAMS 0x00000006133ffff0, 0x0000000613000000| Untracked 
|  77|0x0000000613400000, 0x00000006137fffe8, 0x0000000613800000| 99%| O|  |TAMS 0x00000006137fffe8, 0x0000000613400000| Untracked 
|  78|0x0000000613800000, 0x0000000613bfffe8, 0x0000000613c00000| 99%| O|  |TAMS 0x0000000613bfffe8, 0x0000000613800000| Untracked 
|  79|0x0000000613c00000, 0x0000000613fffff8, 0x0000000614000000| 99%| O|  |TAMS 0x0000000613fffff8, 0x0000000613c00000| Untracked 
|  80|0x0000000614000000, 0x0000000614400000, 0x0000000614400000|100%| O|  |TAMS 0x0000000614400000, 0x0000000614000000| Untracked 
|  81|0x0000000614400000, 0x00000006147fffc8, 0x0000000614800000| 99%| O|  |TAMS 0x00000006147fffc8, 0x0000000614400000| Untracked 
|  82|0x0000000614800000, 0x0000000614c00000, 0x0000000614c00000|100%| O|  |TAMS 0x0000000614c00000, 0x0000000614800000| Untracked 
|  83|0x0000000614c00000, 0x0000000614fffff8, 0x0000000615000000| 99%| O|  |TAMS 0x0000000614fffff8, 0x0000000614c00000| Untracked 
|  84|0x0000000615000000, 0x0000000615400000, 0x0000000615400000|100%| O|  |TAMS 0x0000000615400000, 0x0000000615000000| Untracked 
|  85|0x0000000615400000, 0x00000006157fb4e8, 0x0000000615800000| 99%| O|  |TAMS 0x00000006157fb4e8, 0x0000000615400000| Untracked 
|  86|0x0000000615800000, 0x0000000615bffff0, 0x0000000615c00000| 99%| O|  |TAMS 0x0000000615bffff0, 0x0000000615800000| Untracked 
|  87|0x0000000615c00000, 0x0000000615fffff8, 0x0000000616000000| 99%| O|  |TAMS 0x0000000615fffff8, 0x0000000615c00000| Untracked 
|  88|0x0000000616000000, 0x00000006163fffe8, 0x0000000616400000| 99%| O|  |TAMS 0x00000006163fffe8, 0x0000000616000000| Untracked 
|  89|0x0000000616400000, 0x0000000616629218, 0x0000000616800000| 54%| O|  |TAMS 0x0000000616629218, 0x0000000616400000| Untracked 
|  90|0x0000000616800000, 0x0000000616bfff90, 0x0000000616c00000| 99%| O|  |TAMS 0x0000000616bfff90, 0x0000000616800000| Untracked 
|  91|0x0000000616c00000, 0x0000000616fffff0, 0x0000000617000000| 99%| O|  |TAMS 0x0000000616fffff0, 0x0000000616c00000| Untracked 
|  92|0x0000000617000000, 0x00000006173f82f0, 0x0000000617400000| 99%| O|  |TAMS 0x00000006173f82f0, 0x0000000617000000| Untracked 
|  93|0x0000000617400000, 0x00000006177fffd0, 0x0000000617800000| 99%| O|  |TAMS 0x00000006177fffd0, 0x0000000617400000| Untracked 
|  94|0x0000000617800000, 0x0000000617beb878, 0x0000000617c00000| 98%| O|  |TAMS 0x0000000617beb878, 0x0000000617800000| Untracked 
|  95|0x0000000617c00000, 0x0000000617fffff0, 0x0000000618000000| 99%| O|  |TAMS 0x0000000617fffff0, 0x0000000617c00000| Untracked 
|  96|0x0000000618000000, 0x00000006183fffe8, 0x0000000618400000| 99%| O|  |TAMS 0x00000006183fffe8, 0x0000000618000000| Untracked 
|  97|0x0000000618400000, 0x0000000618800000, 0x0000000618800000|100%| O|  |TAMS 0x0000000618400000, 0x0000000618400000| Untracked 
|  98|0x0000000618800000, 0x0000000618c00000, 0x0000000618c00000|100%|HS|  |TAMS 0x0000000618c00000, 0x0000000618800000| Complete 
|  99|0x0000000618c00000, 0x0000000618fffff8, 0x0000000619000000| 99%| O|  |TAMS 0x0000000618fffff8, 0x0000000618c00000| Untracked 
| 100|0x0000000619000000, 0x00000006193fffd0, 0x0000000619400000| 99%| O|  |TAMS 0x00000006193fffd0, 0x0000000619000000| Untracked 
| 101|0x0000000619400000, 0x00000006196ce6d8, 0x0000000619800000| 70%| O|  |TAMS 0x00000006196ce6d8, 0x0000000619400000| Untracked 
| 102|0x0000000619800000, 0x0000000619bfffe8, 0x0000000619c00000| 99%| O|  |TAMS 0x0000000619bfffe8, 0x0000000619800000| Untracked 
| 103|0x0000000619c00000, 0x0000000619fffff8, 0x000000061a000000| 99%| O|  |TAMS 0x0000000619fffff8, 0x0000000619c00000| Untracked 
| 104|0x000000061a000000, 0x000000061a3fffd8, 0x000000061a400000| 99%| O|  |TAMS 0x000000061a3fffd8, 0x000000061a000000| Untracked 
| 105|0x000000061a400000, 0x000000061a7d7390, 0x000000061a800000| 96%| O|  |TAMS 0x000000061a7d7390, 0x000000061a400000| Untracked 
| 106|0x000000061a800000, 0x000000061abffff8, 0x000000061ac00000| 99%| O|  |TAMS 0x000000061abffff8, 0x000000061a800000| Untracked 
| 107|0x000000061ac00000, 0x000000061b000000, 0x000000061b000000|100%|HS|  |TAMS 0x000000061b000000, 0x000000061ac00000| Complete 
| 108|0x000000061b000000, 0x000000061b400000, 0x000000061b400000|100%| O|  |TAMS 0x000000061b400000, 0x000000061b000000| Untracked 
| 109|0x000000061b400000, 0x000000061b800000, 0x000000061b800000|100%|HS|  |TAMS 0x000000061b800000, 0x000000061b400000| Complete 
| 110|0x000000061b800000, 0x000000061bc00000, 0x000000061bc00000|100%|HC|  |TAMS 0x000000061bc00000, 0x000000061b800000| Complete 
| 111|0x000000061bc00000, 0x000000061bfffff0, 0x000000061c000000| 99%| O|  |TAMS 0x000000061bfffff0, 0x000000061bc00000| Untracked 
| 112|0x000000061c000000, 0x000000061c3fffe8, 0x000000061c400000| 99%| O|  |TAMS 0x000000061c3fffe8, 0x000000061c000000| Untracked 
| 113|0x000000061c400000, 0x000000061c7ffff0, 0x000000061c800000| 99%| O|  |TAMS 0x000000061c7ffff0, 0x000000061c400000| Untracked 
| 114|0x000000061c800000, 0x000000061cc00000, 0x000000061cc00000|100%| O|  |TAMS 0x000000061cc00000, 0x000000061c800000| Untracked 
| 115|0x000000061cc00000, 0x000000061d000000, 0x000000061d000000|100%| O|  |TAMS 0x000000061cc00000, 0x000000061cc00000| Untracked 
| 116|0x000000061d000000, 0x000000061d400000, 0x000000061d400000|100%| O|  |TAMS 0x000000061d400000, 0x000000061d000000| Untracked 
| 117|0x000000061d400000, 0x000000061d800000, 0x000000061d800000|100%| O|  |TAMS 0x000000061d400000, 0x000000061d400000| Untracked 
| 118|0x000000061d800000, 0x000000061dbfffe0, 0x000000061dc00000| 99%| O|  |TAMS 0x000000061dbfffe0, 0x000000061d800000| Untracked 
| 119|0x000000061dc00000, 0x000000061dd47cc8, 0x000000061e000000| 32%| O|  |TAMS 0x000000061dd47cc8, 0x000000061dc00000| Untracked 
| 120|0x000000061e000000, 0x000000061e400000, 0x000000061e400000|100%| O|  |TAMS 0x000000061e000000, 0x000000061e000000| Untracked 
| 121|0x000000061e400000, 0x000000061e800000, 0x000000061e800000|100%| O|  |TAMS 0x000000061e400000, 0x000000061e400000| Untracked 
| 122|0x000000061e800000, 0x000000061ec00000, 0x000000061ec00000|100%| O|  |TAMS 0x000000061e800000, 0x000000061e800000| Untracked 
| 123|0x000000061ec00000, 0x000000061f000000, 0x000000061f000000|100%| O|  |TAMS 0x000000061ec00000, 0x000000061ec00000| Untracked 
| 124|0x000000061f000000, 0x000000061f3ffff0, 0x000000061f400000| 99%| O|  |TAMS 0x000000061f3ffff0, 0x000000061f000000| Untracked 
| 125|0x000000061f400000, 0x000000061f800000, 0x000000061f800000|100%| O|  |TAMS 0x000000061f400000, 0x000000061f400000| Untracked 
| 126|0x000000061f800000, 0x000000061fc00000, 0x000000061fc00000|100%| O|  |TAMS 0x000000061f800000, 0x000000061f800000| Untracked 
| 127|0x000000061fc00000, 0x0000000620000000, 0x0000000620000000|100%| O|  |TAMS 0x000000061fc00000, 0x000000061fc00000| Untracked 
| 128|0x0000000620000000, 0x0000000620318e58, 0x0000000620400000| 77%| O|  |TAMS 0x0000000620318e58, 0x0000000620000000| Untracked 
| 129|0x0000000620400000, 0x0000000620800000, 0x0000000620800000|100%| O|  |TAMS 0x0000000620400000, 0x0000000620400000| Untracked 
| 130|0x0000000620800000, 0x0000000620c00000, 0x0000000620c00000|100%| O|  |TAMS 0x0000000620800000, 0x0000000620800000| Untracked 
| 131|0x0000000620c00000, 0x0000000621000000, 0x0000000621000000|100%| O|  |TAMS 0x0000000620c00000, 0x0000000620c00000| Untracked 
| 132|0x0000000621000000, 0x00000006213ffff8, 0x0000000621400000| 99%| O|  |TAMS 0x00000006213ffff8, 0x0000000621000000| Untracked 
| 133|0x0000000621400000, 0x0000000621800000, 0x0000000621800000|100%| O|  |TAMS 0x0000000621800000, 0x0000000621400000| Untracked 
| 134|0x0000000621800000, 0x0000000621b66c60, 0x0000000621c00000| 85%| O|  |TAMS 0x0000000621b66c60, 0x0000000621800000| Untracked 
| 135|0x0000000621c00000, 0x0000000622000000, 0x0000000622000000|100%| O|  |TAMS 0x0000000622000000, 0x0000000621c00000| Untracked 
| 136|0x0000000622000000, 0x0000000622400000, 0x0000000622400000|100%| O|  |TAMS 0x0000000622000000, 0x0000000622000000| Untracked 
| 137|0x0000000622400000, 0x0000000622800000, 0x0000000622800000|100%| O|  |TAMS 0x0000000622400000, 0x0000000622400000| Untracked 
| 138|0x0000000622800000, 0x0000000622c00000, 0x0000000622c00000|100%| O|  |TAMS 0x0000000622800000, 0x0000000622800000| Untracked 
| 139|0x0000000622c00000, 0x0000000623000000, 0x0000000623000000|100%| O|  |TAMS 0x0000000622c00000, 0x0000000622c00000| Untracked 
| 140|0x0000000623000000, 0x0000000623400000, 0x0000000623400000|100%| O|  |TAMS 0x0000000623400000, 0x0000000623000000| Untracked 
| 141|0x0000000623400000, 0x0000000623800000, 0x0000000623800000|100%| O|  |TAMS 0x0000000623400000, 0x0000000623400000| Untracked 
| 142|0x0000000623800000, 0x0000000623c00000, 0x0000000623c00000|100%| O|  |TAMS 0x0000000623800000, 0x0000000623800000| Untracked 
| 143|0x0000000623c00000, 0x0000000624000000, 0x0000000624000000|100%| O|  |TAMS 0x0000000623c00000, 0x0000000623c00000| Untracked 
| 144|0x0000000624000000, 0x00000006243fffe0, 0x0000000624400000| 99%| O|  |TAMS 0x00000006243fffe0, 0x0000000624000000| Untracked 
| 145|0x0000000624400000, 0x0000000624558430, 0x0000000624800000| 33%| O|  |TAMS 0x0000000624558430, 0x0000000624400000| Untracked 
| 146|0x0000000624800000, 0x0000000624c00000, 0x0000000624c00000|100%| O|  |TAMS 0x0000000624800000, 0x0000000624800000| Untracked 
| 147|0x0000000624c00000, 0x0000000625000000, 0x0000000625000000|100%| O|  |TAMS 0x0000000624c00000, 0x0000000624c00000| Untracked 
| 148|0x0000000625000000, 0x0000000625400000, 0x0000000625400000|100%| O|  |TAMS 0x0000000625000000, 0x0000000625000000| Untracked 
| 149|0x0000000625400000, 0x0000000625800000, 0x0000000625800000|100%| O|  |TAMS 0x0000000625400000, 0x0000000625400000| Untracked 
| 150|0x0000000625800000, 0x0000000625c00000, 0x0000000625c00000|100%| O|  |TAMS 0x0000000625800000, 0x0000000625800000| Untracked 
| 151|0x0000000625c00000, 0x0000000626000000, 0x0000000626000000|100%| O|  |TAMS 0x0000000625c00000, 0x0000000625c00000| Untracked 
| 152|0x0000000626000000, 0x0000000626400000, 0x0000000626400000|100%| O|  |TAMS 0x0000000626000000, 0x0000000626000000| Untracked 
| 153|0x0000000626400000, 0x0000000626800000, 0x0000000626800000|100%| O|  |TAMS 0x0000000626400000, 0x0000000626400000| Untracked 
| 154|0x0000000626800000, 0x0000000626c00000, 0x0000000626c00000|100%| O|  |TAMS 0x0000000626800000, 0x0000000626800000| Untracked 
| 155|0x0000000626c00000, 0x0000000627000000, 0x0000000627000000|100%| O|  |TAMS 0x0000000626c00000, 0x0000000626c00000| Untracked 
| 156|0x0000000627000000, 0x0000000627400000, 0x0000000627400000|100%| O|  |TAMS 0x0000000627000000, 0x0000000627000000| Untracked 
| 157|0x0000000627400000, 0x0000000627800000, 0x0000000627800000|100%| O|  |TAMS 0x0000000627400000, 0x0000000627400000| Untracked 
| 158|0x0000000627800000, 0x0000000627c00000, 0x0000000627c00000|100%| O|  |TAMS 0x0000000627800000, 0x0000000627800000| Untracked 
| 159|0x0000000627c00000, 0x0000000628000000, 0x0000000628000000|100%| O|  |TAMS 0x0000000627c00000, 0x0000000627c00000| Untracked 
| 160|0x0000000628000000, 0x0000000628400000, 0x0000000628400000|100%| O|  |TAMS 0x0000000628000000, 0x0000000628000000| Untracked 
| 161|0x0000000628400000, 0x0000000628800000, 0x0000000628800000|100%| O|  |TAMS 0x0000000628400000, 0x0000000628400000| Untracked 
| 162|0x0000000628800000, 0x0000000628c00000, 0x0000000628c00000|100%| O|  |TAMS 0x0000000628800000, 0x0000000628800000| Untracked 
| 163|0x0000000628c00000, 0x0000000629000000, 0x0000000629000000|100%| O|  |TAMS 0x0000000628c00000, 0x0000000628c00000| Untracked 
| 164|0x0000000629000000, 0x0000000629400000, 0x0000000629400000|100%| O|  |TAMS 0x0000000629000000, 0x0000000629000000| Untracked 
| 165|0x0000000629400000, 0x0000000629800000, 0x0000000629800000|100%| O|  |TAMS 0x0000000629400000, 0x0000000629400000| Untracked 
| 166|0x0000000629800000, 0x0000000629c00000, 0x0000000629c00000|100%| O|  |TAMS 0x0000000629800000, 0x0000000629800000| Untracked 
| 167|0x0000000629c00000, 0x000000062a000000, 0x000000062a000000|100%| O|  |TAMS 0x0000000629c00000, 0x0000000629c00000| Untracked 
| 168|0x000000062a000000, 0x000000062a400000, 0x000000062a400000|100%| O|  |TAMS 0x000000062a000000, 0x000000062a000000| Untracked 
| 169|0x000000062a400000, 0x000000062a800000, 0x000000062a800000|100%| O|  |TAMS 0x000000062a400000, 0x000000062a400000| Untracked 
| 170|0x000000062a800000, 0x000000062ac00000, 0x000000062ac00000|100%| O|  |TAMS 0x000000062a800000, 0x000000062a800000| Untracked 
| 171|0x000000062ac00000, 0x000000062b000000, 0x000000062b000000|100%| O|  |TAMS 0x000000062ac00000, 0x000000062ac00000| Untracked 
| 172|0x000000062b000000, 0x000000062b400000, 0x000000062b400000|100%| O|  |TAMS 0x000000062b000000, 0x000000062b000000| Untracked 
| 173|0x000000062b400000, 0x000000062b800000, 0x000000062b800000|100%| O|  |TAMS 0x000000062b400000, 0x000000062b400000| Untracked 
| 174|0x000000062b800000, 0x000000062bc00000, 0x000000062bc00000|100%| O|  |TAMS 0x000000062b800000, 0x000000062b800000| Untracked 
| 175|0x000000062bc00000, 0x000000062c000000, 0x000000062c000000|100%| O|  |TAMS 0x000000062bc00000, 0x000000062bc00000| Untracked 
| 176|0x000000062c000000, 0x000000062c400000, 0x000000062c400000|100%| O|  |TAMS 0x000000062c000000, 0x000000062c000000| Untracked 
| 177|0x000000062c400000, 0x000000062c800000, 0x000000062c800000|100%| O|  |TAMS 0x000000062c400000, 0x000000062c400000| Untracked 
| 178|0x000000062c800000, 0x000000062cc00000, 0x000000062cc00000|100%| O|  |TAMS 0x000000062c800000, 0x000000062c800000| Untracked 
| 179|0x000000062cc00000, 0x000000062d000000, 0x000000062d000000|100%| O|  |TAMS 0x000000062cc00000, 0x000000062cc00000| Untracked 
| 180|0x000000062d000000, 0x000000062d400000, 0x000000062d400000|100%| O|  |TAMS 0x000000062d000000, 0x000000062d000000| Untracked 
| 181|0x000000062d400000, 0x000000062d800000, 0x000000062d800000|100%| O|  |TAMS 0x000000062d400000, 0x000000062d400000| Untracked 
| 182|0x000000062d800000, 0x000000062dc00000, 0x000000062dc00000|100%| O|  |TAMS 0x000000062d800000, 0x000000062d800000| Untracked 
| 183|0x000000062dc00000, 0x000000062e000000, 0x000000062e000000|100%| O|  |TAMS 0x000000062dc00000, 0x000000062dc00000| Untracked 
| 184|0x000000062e000000, 0x000000062e400000, 0x000000062e400000|100%| O|  |TAMS 0x000000062e000000, 0x000000062e000000| Untracked 
| 185|0x000000062e400000, 0x000000062e800000, 0x000000062e800000|100%| O|  |TAMS 0x000000062e400000, 0x000000062e400000| Untracked 
| 186|0x000000062e800000, 0x000000062ec00000, 0x000000062ec00000|100%| O|  |TAMS 0x000000062e800000, 0x000000062e800000| Untracked 
| 187|0x000000062ec00000, 0x000000062f000000, 0x000000062f000000|100%| O|  |TAMS 0x000000062ec00000, 0x000000062ec00000| Untracked 
| 188|0x000000062f000000, 0x000000062f400000, 0x000000062f400000|100%| O|  |TAMS 0x000000062f000000, 0x000000062f000000| Untracked 
| 189|0x000000062f400000, 0x000000062f800000, 0x000000062f800000|100%| O|  |TAMS 0x000000062f400000, 0x000000062f400000| Untracked 
| 190|0x000000062f800000, 0x000000062fc00000, 0x000000062fc00000|100%| O|  |TAMS 0x000000062f800000, 0x000000062f800000| Untracked 
| 191|0x000000062fc00000, 0x0000000630000000, 0x0000000630000000|100%| O|  |TAMS 0x000000062fc00000, 0x000000062fc00000| Untracked 
| 192|0x0000000630000000, 0x0000000630400000, 0x0000000630400000|100%| O|  |TAMS 0x0000000630000000, 0x0000000630000000| Untracked 
| 193|0x0000000630400000, 0x0000000630800000, 0x0000000630800000|100%| O|  |TAMS 0x0000000630400000, 0x0000000630400000| Untracked 
| 194|0x0000000630800000, 0x0000000630c00000, 0x0000000630c00000|100%| O|  |TAMS 0x0000000630800000, 0x0000000630800000| Untracked 
| 195|0x0000000630c00000, 0x0000000631000000, 0x0000000631000000|100%| O|  |TAMS 0x0000000630c00000, 0x0000000630c00000| Untracked 
| 196|0x0000000631000000, 0x0000000631400000, 0x0000000631400000|100%| O|  |TAMS 0x0000000631000000, 0x0000000631000000| Untracked 
| 197|0x0000000631400000, 0x00000006316d9200, 0x0000000631800000| 71%| O|  |TAMS 0x0000000631400000, 0x0000000631400000| Untracked 
| 198|0x0000000631800000, 0x0000000631800000, 0x0000000631c00000|  0%| F|  |TAMS 0x0000000631800000, 0x0000000631800000| Untracked 
| 199|0x0000000631c00000, 0x0000000631c00000, 0x0000000632000000|  0%| F|  |TAMS 0x0000000631c00000, 0x0000000631c00000| Untracked 
| 200|0x0000000632000000, 0x0000000632000000, 0x0000000632400000|  0%| F|  |TAMS 0x0000000632000000, 0x0000000632000000| Untracked 
| 201|0x0000000632400000, 0x0000000632400000, 0x0000000632800000|  0%| F|  |TAMS 0x0000000632400000, 0x0000000632400000| Untracked 
| 202|0x0000000632800000, 0x0000000632800000, 0x0000000632c00000|  0%| F|  |TAMS 0x0000000632800000, 0x0000000632800000| Untracked 
| 203|0x0000000632c00000, 0x0000000632c00000, 0x0000000633000000|  0%| F|  |TAMS 0x0000000632c00000, 0x0000000632c00000| Untracked 
| 204|0x0000000633000000, 0x0000000633000000, 0x0000000633400000|  0%| F|  |TAMS 0x0000000633000000, 0x0000000633000000| Untracked 
| 205|0x0000000633400000, 0x0000000633400000, 0x0000000633800000|  0%| F|  |TAMS 0x0000000633400000, 0x0000000633400000| Untracked 
| 206|0x0000000633800000, 0x0000000633800000, 0x0000000633c00000|  0%| F|  |TAMS 0x0000000633800000, 0x0000000633800000| Untracked 
| 207|0x0000000633c00000, 0x0000000633c00000, 0x0000000634000000|  0%| F|  |TAMS 0x0000000633c00000, 0x0000000633c00000| Untracked 
| 208|0x0000000634000000, 0x0000000634000000, 0x0000000634400000|  0%| F|  |TAMS 0x0000000634000000, 0x0000000634000000| Untracked 
| 209|0x0000000634400000, 0x0000000634400000, 0x0000000634800000|  0%| F|  |TAMS 0x0000000634400000, 0x0000000634400000| Untracked 
| 210|0x0000000634800000, 0x0000000634800000, 0x0000000634c00000|  0%| F|  |TAMS 0x0000000634800000, 0x0000000634800000| Untracked 
| 211|0x0000000634c00000, 0x0000000634c00000, 0x0000000635000000|  0%| F|  |TAMS 0x0000000634c00000, 0x0000000634c00000| Untracked 
| 212|0x0000000635000000, 0x0000000635000000, 0x0000000635400000|  0%| F|  |TAMS 0x0000000635000000, 0x0000000635000000| Untracked 
| 213|0x0000000635400000, 0x0000000635400000, 0x0000000635800000|  0%| F|  |TAMS 0x0000000635400000, 0x0000000635400000| Untracked 
| 214|0x0000000635800000, 0x0000000635800000, 0x0000000635c00000|  0%| F|  |TAMS 0x0000000635800000, 0x0000000635800000| Untracked 
| 215|0x0000000635c00000, 0x0000000635c00000, 0x0000000636000000|  0%| F|  |TAMS 0x0000000635c00000, 0x0000000635c00000| Untracked 
| 216|0x0000000636000000, 0x0000000636000000, 0x0000000636400000|  0%| F|  |TAMS 0x0000000636000000, 0x0000000636000000| Untracked 
| 217|0x0000000636400000, 0x0000000636400000, 0x0000000636800000|  0%| F|  |TAMS 0x0000000636400000, 0x0000000636400000| Untracked 
| 218|0x0000000636800000, 0x0000000636800000, 0x0000000636c00000|  0%| F|  |TAMS 0x0000000636800000, 0x0000000636800000| Untracked 
| 219|0x0000000636c00000, 0x0000000636c00000, 0x0000000637000000|  0%| F|  |TAMS 0x0000000636c00000, 0x0000000636c00000| Untracked 
| 220|0x0000000637000000, 0x0000000637000000, 0x0000000637400000|  0%| F|  |TAMS 0x0000000637000000, 0x0000000637000000| Untracked 
| 221|0x0000000637400000, 0x0000000637400000, 0x0000000637800000|  0%| F|  |TAMS 0x0000000637400000, 0x0000000637400000| Untracked 
| 222|0x0000000637800000, 0x0000000637800000, 0x0000000637c00000|  0%| F|  |TAMS 0x0000000637800000, 0x0000000637800000| Untracked 
| 223|0x0000000637c00000, 0x0000000637c00000, 0x0000000638000000|  0%| F|  |TAMS 0x0000000637c00000, 0x0000000637c00000| Untracked 
| 224|0x0000000638000000, 0x0000000638000000, 0x0000000638400000|  0%| F|  |TAMS 0x0000000638000000, 0x0000000638000000| Untracked 
| 225|0x0000000638400000, 0x0000000638400000, 0x0000000638800000|  0%| F|  |TAMS 0x0000000638400000, 0x0000000638400000| Untracked 
| 226|0x0000000638800000, 0x0000000638800000, 0x0000000638c00000|  0%| F|  |TAMS 0x0000000638800000, 0x0000000638800000| Untracked 
| 227|0x0000000638c00000, 0x0000000638c00000, 0x0000000639000000|  0%| F|  |TAMS 0x0000000638c00000, 0x0000000638c00000| Untracked 
| 228|0x0000000639000000, 0x0000000639000000, 0x0000000639400000|  0%| F|  |TAMS 0x0000000639000000, 0x0000000639000000| Untracked 
| 229|0x0000000639400000, 0x0000000639400000, 0x0000000639800000|  0%| F|  |TAMS 0x0000000639400000, 0x0000000639400000| Untracked 
| 230|0x0000000639800000, 0x0000000639800000, 0x0000000639c00000|  0%| F|  |TAMS 0x0000000639800000, 0x0000000639800000| Untracked 
| 231|0x0000000639c00000, 0x0000000639c00000, 0x000000063a000000|  0%| F|  |TAMS 0x0000000639c00000, 0x0000000639c00000| Untracked 
| 232|0x000000063a000000, 0x000000063a000000, 0x000000063a400000|  0%| F|  |TAMS 0x000000063a000000, 0x000000063a000000| Untracked 
| 233|0x000000063a400000, 0x000000063a400000, 0x000000063a800000|  0%| F|  |TAMS 0x000000063a400000, 0x000000063a400000| Untracked 
| 234|0x000000063a800000, 0x000000063a800000, 0x000000063ac00000|  0%| F|  |TAMS 0x000000063a800000, 0x000000063a800000| Untracked 
| 235|0x000000063ac00000, 0x000000063ac00000, 0x000000063b000000|  0%| F|  |TAMS 0x000000063ac00000, 0x000000063ac00000| Untracked 
| 236|0x000000063b000000, 0x000000063b000000, 0x000000063b400000|  0%| F|  |TAMS 0x000000063b000000, 0x000000063b000000| Untracked 
| 237|0x000000063b400000, 0x000000063b400000, 0x000000063b800000|  0%| F|  |TAMS 0x000000063b400000, 0x000000063b400000| Untracked 
| 238|0x000000063b800000, 0x000000063b800000, 0x000000063bc00000|  0%| F|  |TAMS 0x000000063b800000, 0x000000063b800000| Untracked 
| 239|0x000000063bc00000, 0x000000063bc00000, 0x000000063c000000|  0%| F|  |TAMS 0x000000063bc00000, 0x000000063bc00000| Untracked 
| 240|0x000000063c000000, 0x000000063c000000, 0x000000063c400000|  0%| F|  |TAMS 0x000000063c000000, 0x000000063c000000| Untracked 
| 241|0x000000063c400000, 0x000000063c400000, 0x000000063c800000|  0%| F|  |TAMS 0x000000063c400000, 0x000000063c400000| Untracked 
| 242|0x000000063c800000, 0x000000063c800000, 0x000000063cc00000|  0%| F|  |TAMS 0x000000063c800000, 0x000000063c800000| Untracked 
| 243|0x000000063cc00000, 0x000000063cc00000, 0x000000063d000000|  0%| F|  |TAMS 0x000000063cc00000, 0x000000063cc00000| Untracked 
| 244|0x000000063d000000, 0x000000063d000000, 0x000000063d400000|  0%| F|  |TAMS 0x000000063d000000, 0x000000063d000000| Untracked 
| 245|0x000000063d400000, 0x000000063d400000, 0x000000063d800000|  0%| F|  |TAMS 0x000000063d400000, 0x000000063d400000| Untracked 
| 246|0x000000063d800000, 0x000000063d800000, 0x000000063dc00000|  0%| F|  |TAMS 0x000000063d800000, 0x000000063d800000| Untracked 
| 247|0x000000063dc00000, 0x000000063dc00000, 0x000000063e000000|  0%| F|  |TAMS 0x000000063dc00000, 0x000000063dc00000| Untracked 
| 248|0x000000063e000000, 0x000000063e000000, 0x000000063e400000|  0%| F|  |TAMS 0x000000063e000000, 0x000000063e000000| Untracked 
| 249|0x000000063e400000, 0x000000063e400000, 0x000000063e800000|  0%| F|  |TAMS 0x000000063e400000, 0x000000063e400000| Untracked 
| 250|0x000000063e800000, 0x000000063e800000, 0x000000063ec00000|  0%| F|  |TAMS 0x000000063e800000, 0x000000063e800000| Untracked 
| 251|0x000000063ec00000, 0x000000063ec00000, 0x000000063f000000|  0%| F|  |TAMS 0x000000063ec00000, 0x000000063ec00000| Untracked 
| 252|0x000000063f000000, 0x000000063f000000, 0x000000063f400000|  0%| F|  |TAMS 0x000000063f000000, 0x000000063f000000| Untracked 
| 253|0x000000063f400000, 0x000000063f400000, 0x000000063f800000|  0%| F|  |TAMS 0x000000063f400000, 0x000000063f400000| Untracked 
| 254|0x000000063f800000, 0x000000063f800000, 0x000000063fc00000|  0%| F|  |TAMS 0x000000063f800000, 0x000000063f800000| Untracked 
| 255|0x000000063fc00000, 0x000000063fc00000, 0x0000000640000000|  0%| F|  |TAMS 0x000000063fc00000, 0x000000063fc00000| Untracked 
| 256|0x0000000640000000, 0x0000000640000000, 0x0000000640400000|  0%| F|  |TAMS 0x0000000640000000, 0x0000000640000000| Untracked 
| 257|0x0000000640400000, 0x0000000640400000, 0x0000000640800000|  0%| F|  |TAMS 0x0000000640400000, 0x0000000640400000| Untracked 
| 258|0x0000000640800000, 0x0000000640800000, 0x0000000640c00000|  0%| F|  |TAMS 0x0000000640800000, 0x0000000640800000| Untracked 
| 259|0x0000000640c00000, 0x0000000640c00000, 0x0000000641000000|  0%| F|  |TAMS 0x0000000640c00000, 0x0000000640c00000| Untracked 
| 260|0x0000000641000000, 0x0000000641000000, 0x0000000641400000|  0%| F|  |TAMS 0x0000000641000000, 0x0000000641000000| Untracked 
| 261|0x0000000641400000, 0x0000000641400000, 0x0000000641800000|  0%| F|  |TAMS 0x0000000641400000, 0x0000000641400000| Untracked 
| 262|0x0000000641800000, 0x0000000641800000, 0x0000000641c00000|  0%| F|  |TAMS 0x0000000641800000, 0x0000000641800000| Untracked 
| 263|0x0000000641c00000, 0x0000000641c00000, 0x0000000642000000|  0%| F|  |TAMS 0x0000000641c00000, 0x0000000641c00000| Untracked 
| 264|0x0000000642000000, 0x0000000642000000, 0x0000000642400000|  0%| F|  |TAMS 0x0000000642000000, 0x0000000642000000| Untracked 
| 265|0x0000000642400000, 0x0000000642400000, 0x0000000642800000|  0%| F|  |TAMS 0x0000000642400000, 0x0000000642400000| Untracked 
| 266|0x0000000642800000, 0x0000000642800000, 0x0000000642c00000|  0%| F|  |TAMS 0x0000000642800000, 0x0000000642800000| Untracked 
| 267|0x0000000642c00000, 0x0000000642c00000, 0x0000000643000000|  0%| F|  |TAMS 0x0000000642c00000, 0x0000000642c00000| Untracked 
| 268|0x0000000643000000, 0x0000000643000000, 0x0000000643400000|  0%| F|  |TAMS 0x0000000643000000, 0x0000000643000000| Untracked 
| 269|0x0000000643400000, 0x0000000643400000, 0x0000000643800000|  0%| F|  |TAMS 0x0000000643400000, 0x0000000643400000| Untracked 
| 270|0x0000000643800000, 0x0000000643800000, 0x0000000643c00000|  0%| F|  |TAMS 0x0000000643800000, 0x0000000643800000| Untracked 
| 271|0x0000000643c00000, 0x0000000643c00000, 0x0000000644000000|  0%| F|  |TAMS 0x0000000643c00000, 0x0000000643c00000| Untracked 
| 272|0x0000000644000000, 0x0000000644000000, 0x0000000644400000|  0%| F|  |TAMS 0x0000000644000000, 0x0000000644000000| Untracked 
| 273|0x0000000644400000, 0x0000000644400000, 0x0000000644800000|  0%| F|  |TAMS 0x0000000644400000, 0x0000000644400000| Untracked 
| 274|0x0000000644800000, 0x0000000644800000, 0x0000000644c00000|  0%| F|  |TAMS 0x0000000644800000, 0x0000000644800000| Untracked 
| 275|0x0000000644c00000, 0x0000000644c00000, 0x0000000645000000|  0%| F|  |TAMS 0x0000000644c00000, 0x0000000644c00000| Untracked 
| 276|0x0000000645000000, 0x0000000645000000, 0x0000000645400000|  0%| F|  |TAMS 0x0000000645000000, 0x0000000645000000| Untracked 
| 277|0x0000000645400000, 0x0000000645400000, 0x0000000645800000|  0%| F|  |TAMS 0x0000000645400000, 0x0000000645400000| Untracked 
| 278|0x0000000645800000, 0x0000000645800000, 0x0000000645c00000|  0%| F|  |TAMS 0x0000000645800000, 0x0000000645800000| Untracked 
| 279|0x0000000645c00000, 0x0000000645c00000, 0x0000000646000000|  0%| F|  |TAMS 0x0000000645c00000, 0x0000000645c00000| Untracked 
| 280|0x0000000646000000, 0x0000000646000000, 0x0000000646400000|  0%| F|  |TAMS 0x0000000646000000, 0x0000000646000000| Untracked 
| 281|0x0000000646400000, 0x0000000646400000, 0x0000000646800000|  0%| F|  |TAMS 0x0000000646400000, 0x0000000646400000| Untracked 
| 282|0x0000000646800000, 0x0000000646800000, 0x0000000646c00000|  0%| F|  |TAMS 0x0000000646800000, 0x0000000646800000| Untracked 
| 283|0x0000000646c00000, 0x0000000646c00000, 0x0000000647000000|  0%| F|  |TAMS 0x0000000646c00000, 0x0000000646c00000| Untracked 
| 284|0x0000000647000000, 0x0000000647000000, 0x0000000647400000|  0%| F|  |TAMS 0x0000000647000000, 0x0000000647000000| Untracked 
| 285|0x0000000647400000, 0x0000000647400000, 0x0000000647800000|  0%| F|  |TAMS 0x0000000647400000, 0x0000000647400000| Untracked 
| 286|0x0000000647800000, 0x0000000647800000, 0x0000000647c00000|  0%| F|  |TAMS 0x0000000647800000, 0x0000000647800000| Untracked 
| 287|0x0000000647c00000, 0x0000000647c00000, 0x0000000648000000|  0%| F|  |TAMS 0x0000000647c00000, 0x0000000647c00000| Untracked 
| 288|0x0000000648000000, 0x0000000648000000, 0x0000000648400000|  0%| F|  |TAMS 0x0000000648000000, 0x0000000648000000| Untracked 
| 289|0x0000000648400000, 0x0000000648400000, 0x0000000648800000|  0%| F|  |TAMS 0x0000000648400000, 0x0000000648400000| Untracked 
| 290|0x0000000648800000, 0x0000000648800000, 0x0000000648c00000|  0%| F|  |TAMS 0x0000000648800000, 0x0000000648800000| Untracked 
| 291|0x0000000648c00000, 0x0000000648c00000, 0x0000000649000000|  0%| F|  |TAMS 0x0000000648c00000, 0x0000000648c00000| Untracked 
| 292|0x0000000649000000, 0x0000000649000000, 0x0000000649400000|  0%| F|  |TAMS 0x0000000649000000, 0x0000000649000000| Untracked 
| 293|0x0000000649400000, 0x0000000649400000, 0x0000000649800000|  0%| F|  |TAMS 0x0000000649400000, 0x0000000649400000| Untracked 
| 294|0x0000000649800000, 0x0000000649800000, 0x0000000649c00000|  0%| F|  |TAMS 0x0000000649800000, 0x0000000649800000| Untracked 
| 295|0x0000000649c00000, 0x0000000649c00000, 0x000000064a000000|  0%| F|  |TAMS 0x0000000649c00000, 0x0000000649c00000| Untracked 
| 296|0x000000064a000000, 0x000000064a000000, 0x000000064a400000|  0%| F|  |TAMS 0x000000064a000000, 0x000000064a000000| Untracked 
| 297|0x000000064a400000, 0x000000064a400000, 0x000000064a800000|  0%| F|  |TAMS 0x000000064a400000, 0x000000064a400000| Untracked 
| 298|0x000000064a800000, 0x000000064a800000, 0x000000064ac00000|  0%| F|  |TAMS 0x000000064a800000, 0x000000064a800000| Untracked 
| 299|0x000000064ac00000, 0x000000064ac00000, 0x000000064b000000|  0%| F|  |TAMS 0x000000064ac00000, 0x000000064ac00000| Untracked 
| 300|0x000000064b000000, 0x000000064b000000, 0x000000064b400000|  0%| F|  |TAMS 0x000000064b000000, 0x000000064b000000| Untracked 
| 301|0x000000064b400000, 0x000000064b400000, 0x000000064b800000|  0%| F|  |TAMS 0x000000064b400000, 0x000000064b400000| Untracked 
| 302|0x000000064b800000, 0x000000064b800000, 0x000000064bc00000|  0%| F|  |TAMS 0x000000064b800000, 0x000000064b800000| Untracked 
| 303|0x000000064bc00000, 0x000000064bc00000, 0x000000064c000000|  0%| F|  |TAMS 0x000000064bc00000, 0x000000064bc00000| Untracked 
| 304|0x000000064c000000, 0x000000064c000000, 0x000000064c400000|  0%| F|  |TAMS 0x000000064c000000, 0x000000064c000000| Untracked 
| 305|0x000000064c400000, 0x000000064c400000, 0x000000064c800000|  0%| F|  |TAMS 0x000000064c400000, 0x000000064c400000| Untracked 
| 306|0x000000064c800000, 0x000000064c800000, 0x000000064cc00000|  0%| F|  |TAMS 0x000000064c800000, 0x000000064c800000| Untracked 
| 307|0x000000064cc00000, 0x000000064cc00000, 0x000000064d000000|  0%| F|  |TAMS 0x000000064cc00000, 0x000000064cc00000| Untracked 
| 308|0x000000064d000000, 0x000000064d000000, 0x000000064d400000|  0%| F|  |TAMS 0x000000064d000000, 0x000000064d000000| Untracked 
| 309|0x000000064d400000, 0x000000064d400000, 0x000000064d800000|  0%| F|  |TAMS 0x000000064d400000, 0x000000064d400000| Untracked 
| 310|0x000000064d800000, 0x000000064d800000, 0x000000064dc00000|  0%| F|  |TAMS 0x000000064d800000, 0x000000064d800000| Untracked 
| 311|0x000000064dc00000, 0x000000064dc00000, 0x000000064e000000|  0%| F|  |TAMS 0x000000064dc00000, 0x000000064dc00000| Untracked 
| 312|0x000000064e000000, 0x000000064e000000, 0x000000064e400000|  0%| F|  |TAMS 0x000000064e000000, 0x000000064e000000| Untracked 
| 313|0x000000064e400000, 0x000000064e400000, 0x000000064e800000|  0%| F|  |TAMS 0x000000064e400000, 0x000000064e400000| Untracked 
| 314|0x000000064e800000, 0x000000064e800000, 0x000000064ec00000|  0%| F|  |TAMS 0x000000064e800000, 0x000000064e800000| Untracked 
| 315|0x000000064ec00000, 0x000000064ec00000, 0x000000064f000000|  0%| F|  |TAMS 0x000000064ec00000, 0x000000064ec00000| Untracked 
| 316|0x000000064f000000, 0x000000064f000000, 0x000000064f400000|  0%| F|  |TAMS 0x000000064f000000, 0x000000064f000000| Untracked 
| 317|0x000000064f400000, 0x000000064f400000, 0x000000064f800000|  0%| F|  |TAMS 0x000000064f400000, 0x000000064f400000| Untracked 
| 318|0x000000064f800000, 0x000000064f800000, 0x000000064fc00000|  0%| F|  |TAMS 0x000000064f800000, 0x000000064f800000| Untracked 
| 319|0x000000064fc00000, 0x000000064fc00000, 0x0000000650000000|  0%| F|  |TAMS 0x000000064fc00000, 0x000000064fc00000| Untracked 
| 320|0x0000000650000000, 0x0000000650000000, 0x0000000650400000|  0%| F|  |TAMS 0x0000000650000000, 0x0000000650000000| Untracked 
| 321|0x0000000650400000, 0x0000000650400000, 0x0000000650800000|  0%| F|  |TAMS 0x0000000650400000, 0x0000000650400000| Untracked 
| 322|0x0000000650800000, 0x0000000650800000, 0x0000000650c00000|  0%| F|  |TAMS 0x0000000650800000, 0x0000000650800000| Untracked 
| 323|0x0000000650c00000, 0x0000000650c00000, 0x0000000651000000|  0%| F|  |TAMS 0x0000000650c00000, 0x0000000650c00000| Untracked 
| 324|0x0000000651000000, 0x0000000651000000, 0x0000000651400000|  0%| F|  |TAMS 0x0000000651000000, 0x0000000651000000| Untracked 
| 325|0x0000000651400000, 0x0000000651400000, 0x0000000651800000|  0%| F|  |TAMS 0x0000000651400000, 0x0000000651400000| Untracked 
| 326|0x0000000651800000, 0x0000000651800000, 0x0000000651c00000|  0%| F|  |TAMS 0x0000000651800000, 0x0000000651800000| Untracked 
| 327|0x0000000651c00000, 0x0000000651c00000, 0x0000000652000000|  0%| F|  |TAMS 0x0000000651c00000, 0x0000000651c00000| Untracked 
| 328|0x0000000652000000, 0x0000000652000000, 0x0000000652400000|  0%| F|  |TAMS 0x0000000652000000, 0x0000000652000000| Untracked 
| 329|0x0000000652400000, 0x0000000652400000, 0x0000000652800000|  0%| F|  |TAMS 0x0000000652400000, 0x0000000652400000| Untracked 
| 330|0x0000000652800000, 0x0000000652800000, 0x0000000652c00000|  0%| F|  |TAMS 0x0000000652800000, 0x0000000652800000| Untracked 
| 331|0x0000000652c00000, 0x0000000652c00000, 0x0000000653000000|  0%| F|  |TAMS 0x0000000652c00000, 0x0000000652c00000| Untracked 
| 332|0x0000000653000000, 0x0000000653000000, 0x0000000653400000|  0%| F|  |TAMS 0x0000000653000000, 0x0000000653000000| Untracked 
| 333|0x0000000653400000, 0x0000000653400000, 0x0000000653800000|  0%| F|  |TAMS 0x0000000653400000, 0x0000000653400000| Untracked 
| 334|0x0000000653800000, 0x0000000653800000, 0x0000000653c00000|  0%| F|  |TAMS 0x0000000653800000, 0x0000000653800000| Untracked 
| 335|0x0000000653c00000, 0x0000000653c00000, 0x0000000654000000|  0%| F|  |TAMS 0x0000000653c00000, 0x0000000653c00000| Untracked 
| 336|0x0000000654000000, 0x0000000654000000, 0x0000000654400000|  0%| F|  |TAMS 0x0000000654000000, 0x0000000654000000| Untracked 
| 337|0x0000000654400000, 0x0000000654400000, 0x0000000654800000|  0%| F|  |TAMS 0x0000000654400000, 0x0000000654400000| Untracked 
| 338|0x0000000654800000, 0x0000000654800000, 0x0000000654c00000|  0%| F|  |TAMS 0x0000000654800000, 0x0000000654800000| Untracked 
| 339|0x0000000654c00000, 0x0000000654c00000, 0x0000000655000000|  0%| F|  |TAMS 0x0000000654c00000, 0x0000000654c00000| Untracked 
| 340|0x0000000655000000, 0x0000000655000000, 0x0000000655400000|  0%| F|  |TAMS 0x0000000655000000, 0x0000000655000000| Untracked 
| 341|0x0000000655400000, 0x0000000655400000, 0x0000000655800000|  0%| F|  |TAMS 0x0000000655400000, 0x0000000655400000| Untracked 
| 342|0x0000000655800000, 0x0000000655800000, 0x0000000655c00000|  0%| F|  |TAMS 0x0000000655800000, 0x0000000655800000| Untracked 
| 343|0x0000000655c00000, 0x0000000655c00000, 0x0000000656000000|  0%| F|  |TAMS 0x0000000655c00000, 0x0000000655c00000| Untracked 
| 344|0x0000000656000000, 0x0000000656000000, 0x0000000656400000|  0%| F|  |TAMS 0x0000000656000000, 0x0000000656000000| Untracked 
| 345|0x0000000656400000, 0x0000000656400000, 0x0000000656800000|  0%| F|  |TAMS 0x0000000656400000, 0x0000000656400000| Untracked 
| 346|0x0000000656800000, 0x0000000656800000, 0x0000000656c00000|  0%| F|  |TAMS 0x0000000656800000, 0x0000000656800000| Untracked 
| 347|0x0000000656c00000, 0x0000000656c00000, 0x0000000657000000|  0%| F|  |TAMS 0x0000000656c00000, 0x0000000656c00000| Untracked 
| 348|0x0000000657000000, 0x0000000657000000, 0x0000000657400000|  0%| F|  |TAMS 0x0000000657000000, 0x0000000657000000| Untracked 
| 349|0x0000000657400000, 0x0000000657400000, 0x0000000657800000|  0%| F|  |TAMS 0x0000000657400000, 0x0000000657400000| Untracked 
| 350|0x0000000657800000, 0x0000000657800000, 0x0000000657c00000|  0%| F|  |TAMS 0x0000000657800000, 0x0000000657800000| Untracked 
| 351|0x0000000657c00000, 0x0000000657c00000, 0x0000000658000000|  0%| F|  |TAMS 0x0000000657c00000, 0x0000000657c00000| Untracked 
| 352|0x0000000658000000, 0x0000000658000000, 0x0000000658400000|  0%| F|  |TAMS 0x0000000658000000, 0x0000000658000000| Untracked 
| 353|0x0000000658400000, 0x0000000658400000, 0x0000000658800000|  0%| F|  |TAMS 0x0000000658400000, 0x0000000658400000| Untracked 
| 354|0x0000000658800000, 0x0000000658800000, 0x0000000658c00000|  0%| F|  |TAMS 0x0000000658800000, 0x0000000658800000| Untracked 
| 355|0x0000000658c00000, 0x0000000658c00000, 0x0000000659000000|  0%| F|  |TAMS 0x0000000658c00000, 0x0000000658c00000| Untracked 
| 356|0x0000000659000000, 0x0000000659000000, 0x0000000659400000|  0%| F|  |TAMS 0x0000000659000000, 0x0000000659000000| Untracked 
| 357|0x0000000659400000, 0x0000000659400000, 0x0000000659800000|  0%| F|  |TAMS 0x0000000659400000, 0x0000000659400000| Untracked 
| 358|0x0000000659800000, 0x0000000659800000, 0x0000000659c00000|  0%| F|  |TAMS 0x0000000659800000, 0x0000000659800000| Untracked 
| 359|0x0000000659c00000, 0x0000000659c00000, 0x000000065a000000|  0%| F|  |TAMS 0x0000000659c00000, 0x0000000659c00000| Untracked 
| 360|0x000000065a000000, 0x000000065a000000, 0x000000065a400000|  0%| F|  |TAMS 0x000000065a000000, 0x000000065a000000| Untracked 
| 361|0x000000065a400000, 0x000000065a400000, 0x000000065a800000|  0%| F|  |TAMS 0x000000065a400000, 0x000000065a400000| Untracked 
| 362|0x000000065a800000, 0x000000065a800000, 0x000000065ac00000|  0%| F|  |TAMS 0x000000065a800000, 0x000000065a800000| Untracked 
| 363|0x000000065ac00000, 0x000000065ac00000, 0x000000065b000000|  0%| F|  |TAMS 0x000000065ac00000, 0x000000065ac00000| Untracked 
| 364|0x000000065b000000, 0x000000065b000000, 0x000000065b400000|  0%| F|  |TAMS 0x000000065b000000, 0x000000065b000000| Untracked 
| 365|0x000000065b400000, 0x000000065b400000, 0x000000065b800000|  0%| F|  |TAMS 0x000000065b400000, 0x000000065b400000| Untracked 
| 366|0x000000065b800000, 0x000000065b800000, 0x000000065bc00000|  0%| F|  |TAMS 0x000000065b800000, 0x000000065b800000| Untracked 
| 367|0x000000065bc00000, 0x000000065bc00000, 0x000000065c000000|  0%| F|  |TAMS 0x000000065bc00000, 0x000000065bc00000| Untracked 
| 368|0x000000065c000000, 0x000000065c000000, 0x000000065c400000|  0%| F|  |TAMS 0x000000065c000000, 0x000000065c000000| Untracked 
| 369|0x000000065c400000, 0x000000065c400000, 0x000000065c800000|  0%| F|  |TAMS 0x000000065c400000, 0x000000065c400000| Untracked 
| 370|0x000000065c800000, 0x000000065c800000, 0x000000065cc00000|  0%| F|  |TAMS 0x000000065c800000, 0x000000065c800000| Untracked 
| 371|0x000000065cc00000, 0x000000065cc00000, 0x000000065d000000|  0%| F|  |TAMS 0x000000065cc00000, 0x000000065cc00000| Untracked 
| 372|0x000000065d000000, 0x000000065d000000, 0x000000065d400000|  0%| F|  |TAMS 0x000000065d000000, 0x000000065d000000| Untracked 
| 373|0x000000065d400000, 0x000000065d400000, 0x000000065d800000|  0%| F|  |TAMS 0x000000065d400000, 0x000000065d400000| Untracked 
| 374|0x000000065d800000, 0x000000065d800000, 0x000000065dc00000|  0%| F|  |TAMS 0x000000065d800000, 0x000000065d800000| Untracked 
| 375|0x000000065dc00000, 0x000000065dc00000, 0x000000065e000000|  0%| F|  |TAMS 0x000000065dc00000, 0x000000065dc00000| Untracked 
| 376|0x000000065e000000, 0x000000065e000000, 0x000000065e400000|  0%| F|  |TAMS 0x000000065e000000, 0x000000065e000000| Untracked 
| 377|0x000000065e400000, 0x000000065e400000, 0x000000065e800000|  0%| F|  |TAMS 0x000000065e400000, 0x000000065e400000| Untracked 
| 378|0x000000065e800000, 0x000000065e800000, 0x000000065ec00000|  0%| F|  |TAMS 0x000000065e800000, 0x000000065e800000| Untracked 
| 379|0x000000065ec00000, 0x000000065ec00000, 0x000000065f000000|  0%| F|  |TAMS 0x000000065ec00000, 0x000000065ec00000| Untracked 
| 380|0x000000065f000000, 0x000000065f000000, 0x000000065f400000|  0%| F|  |TAMS 0x000000065f000000, 0x000000065f000000| Untracked 
| 381|0x000000065f400000, 0x000000065f400000, 0x000000065f800000|  0%| F|  |TAMS 0x000000065f400000, 0x000000065f400000| Untracked 
| 382|0x000000065f800000, 0x000000065f800000, 0x000000065fc00000|  0%| F|  |TAMS 0x000000065f800000, 0x000000065f800000| Untracked 
| 383|0x000000065fc00000, 0x000000065fc00000, 0x0000000660000000|  0%| F|  |TAMS 0x000000065fc00000, 0x000000065fc00000| Untracked 
| 384|0x0000000660000000, 0x0000000660000000, 0x0000000660400000|  0%| F|  |TAMS 0x0000000660000000, 0x0000000660000000| Untracked 
| 385|0x0000000660400000, 0x0000000660400000, 0x0000000660800000|  0%| F|  |TAMS 0x0000000660400000, 0x0000000660400000| Untracked 
| 386|0x0000000660800000, 0x0000000660800000, 0x0000000660c00000|  0%| F|  |TAMS 0x0000000660800000, 0x0000000660800000| Untracked 
| 387|0x0000000660c00000, 0x0000000660c00000, 0x0000000661000000|  0%| F|  |TAMS 0x0000000660c00000, 0x0000000660c00000| Untracked 
| 388|0x0000000661000000, 0x0000000661000000, 0x0000000661400000|  0%| F|  |TAMS 0x0000000661000000, 0x0000000661000000| Untracked 
| 389|0x0000000661400000, 0x0000000661400000, 0x0000000661800000|  0%| F|  |TAMS 0x0000000661400000, 0x0000000661400000| Untracked 
| 390|0x0000000661800000, 0x0000000661800000, 0x0000000661c00000|  0%| F|  |TAMS 0x0000000661800000, 0x0000000661800000| Untracked 
| 391|0x0000000661c00000, 0x0000000661c00000, 0x0000000662000000|  0%| F|  |TAMS 0x0000000661c00000, 0x0000000661c00000| Untracked 
| 392|0x0000000662000000, 0x0000000662000000, 0x0000000662400000|  0%| F|  |TAMS 0x0000000662000000, 0x0000000662000000| Untracked 
| 393|0x0000000662400000, 0x0000000662400000, 0x0000000662800000|  0%| F|  |TAMS 0x0000000662400000, 0x0000000662400000| Untracked 
| 394|0x0000000662800000, 0x0000000662800000, 0x0000000662c00000|  0%| F|  |TAMS 0x0000000662800000, 0x0000000662800000| Untracked 
| 395|0x0000000662c00000, 0x0000000662c00000, 0x0000000663000000|  0%| F|  |TAMS 0x0000000662c00000, 0x0000000662c00000| Untracked 
| 396|0x0000000663000000, 0x0000000663000000, 0x0000000663400000|  0%| F|  |TAMS 0x0000000663000000, 0x0000000663000000| Untracked 
| 397|0x0000000663400000, 0x0000000663400000, 0x0000000663800000|  0%| F|  |TAMS 0x0000000663400000, 0x0000000663400000| Untracked 
| 398|0x0000000663800000, 0x0000000663800000, 0x0000000663c00000|  0%| F|  |TAMS 0x0000000663800000, 0x0000000663800000| Untracked 
| 399|0x0000000663c00000, 0x0000000663c00000, 0x0000000664000000|  0%| F|  |TAMS 0x0000000663c00000, 0x0000000663c00000| Untracked 
| 400|0x0000000664000000, 0x0000000664000000, 0x0000000664400000|  0%| F|  |TAMS 0x0000000664000000, 0x0000000664000000| Untracked 
| 401|0x0000000664400000, 0x0000000664400000, 0x0000000664800000|  0%| F|  |TAMS 0x0000000664400000, 0x0000000664400000| Untracked 
| 402|0x0000000664800000, 0x0000000664800000, 0x0000000664c00000|  0%| F|  |TAMS 0x0000000664800000, 0x0000000664800000| Untracked 
| 403|0x0000000664c00000, 0x0000000664c00000, 0x0000000665000000|  0%| F|  |TAMS 0x0000000664c00000, 0x0000000664c00000| Untracked 
| 404|0x0000000665000000, 0x0000000665000000, 0x0000000665400000|  0%| F|  |TAMS 0x0000000665000000, 0x0000000665000000| Untracked 
| 405|0x0000000665400000, 0x0000000665400000, 0x0000000665800000|  0%| F|  |TAMS 0x0000000665400000, 0x0000000665400000| Untracked 
| 406|0x0000000665800000, 0x0000000665800000, 0x0000000665c00000|  0%| F|  |TAMS 0x0000000665800000, 0x0000000665800000| Untracked 
| 407|0x0000000665c00000, 0x0000000665c00000, 0x0000000666000000|  0%| F|  |TAMS 0x0000000665c00000, 0x0000000665c00000| Untracked 
| 408|0x0000000666000000, 0x0000000666000000, 0x0000000666400000|  0%| F|  |TAMS 0x0000000666000000, 0x0000000666000000| Untracked 
| 409|0x0000000666400000, 0x0000000666400000, 0x0000000666800000|  0%| F|  |TAMS 0x0000000666400000, 0x0000000666400000| Untracked 
| 410|0x0000000666800000, 0x0000000666800000, 0x0000000666c00000|  0%| F|  |TAMS 0x0000000666800000, 0x0000000666800000| Untracked 
| 411|0x0000000666c00000, 0x0000000666c00000, 0x0000000667000000|  0%| F|  |TAMS 0x0000000666c00000, 0x0000000666c00000| Untracked 
| 412|0x0000000667000000, 0x0000000667000000, 0x0000000667400000|  0%| F|  |TAMS 0x0000000667000000, 0x0000000667000000| Untracked 
| 413|0x0000000667400000, 0x0000000667400000, 0x0000000667800000|  0%| F|  |TAMS 0x0000000667400000, 0x0000000667400000| Untracked 
| 414|0x0000000667800000, 0x0000000667800000, 0x0000000667c00000|  0%| F|  |TAMS 0x0000000667800000, 0x0000000667800000| Untracked 
| 415|0x0000000667c00000, 0x0000000667c00000, 0x0000000668000000|  0%| F|  |TAMS 0x0000000667c00000, 0x0000000667c00000| Untracked 
| 416|0x0000000668000000, 0x0000000668000000, 0x0000000668400000|  0%| F|  |TAMS 0x0000000668000000, 0x0000000668000000| Untracked 
| 417|0x0000000668400000, 0x0000000668400000, 0x0000000668800000|  0%| F|  |TAMS 0x0000000668400000, 0x0000000668400000| Untracked 
| 418|0x0000000668800000, 0x0000000668800000, 0x0000000668c00000|  0%| F|  |TAMS 0x0000000668800000, 0x0000000668800000| Untracked 
| 419|0x0000000668c00000, 0x0000000668c00000, 0x0000000669000000|  0%| F|  |TAMS 0x0000000668c00000, 0x0000000668c00000| Untracked 
| 420|0x0000000669000000, 0x0000000669000000, 0x0000000669400000|  0%| F|  |TAMS 0x0000000669000000, 0x0000000669000000| Untracked 
| 421|0x0000000669400000, 0x0000000669400000, 0x0000000669800000|  0%| F|  |TAMS 0x0000000669400000, 0x0000000669400000| Untracked 
| 422|0x0000000669800000, 0x0000000669800000, 0x0000000669c00000|  0%| F|  |TAMS 0x0000000669800000, 0x0000000669800000| Untracked 
| 423|0x0000000669c00000, 0x0000000669c00000, 0x000000066a000000|  0%| F|  |TAMS 0x0000000669c00000, 0x0000000669c00000| Untracked 
| 424|0x000000066a000000, 0x000000066a000000, 0x000000066a400000|  0%| F|  |TAMS 0x000000066a000000, 0x000000066a000000| Untracked 
| 425|0x000000066a400000, 0x000000066a400000, 0x000000066a800000|  0%| F|  |TAMS 0x000000066a400000, 0x000000066a400000| Untracked 
| 426|0x000000066a800000, 0x000000066a800000, 0x000000066ac00000|  0%| F|  |TAMS 0x000000066a800000, 0x000000066a800000| Untracked 
| 427|0x000000066ac00000, 0x000000066ac00000, 0x000000066b000000|  0%| F|  |TAMS 0x000000066ac00000, 0x000000066ac00000| Untracked 
| 428|0x000000066b000000, 0x000000066b000000, 0x000000066b400000|  0%| F|  |TAMS 0x000000066b000000, 0x000000066b000000| Untracked 
| 429|0x000000066b400000, 0x000000066b400000, 0x000000066b800000|  0%| F|  |TAMS 0x000000066b400000, 0x000000066b400000| Untracked 
| 430|0x000000066b800000, 0x000000066b800000, 0x000000066bc00000|  0%| F|  |TAMS 0x000000066b800000, 0x000000066b800000| Untracked 
| 431|0x000000066bc00000, 0x000000066bc00000, 0x000000066c000000|  0%| F|  |TAMS 0x000000066bc00000, 0x000000066bc00000| Untracked 
| 432|0x000000066c000000, 0x000000066c000000, 0x000000066c400000|  0%| F|  |TAMS 0x000000066c000000, 0x000000066c000000| Untracked 
| 433|0x000000066c400000, 0x000000066c400000, 0x000000066c800000|  0%| F|  |TAMS 0x000000066c400000, 0x000000066c400000| Untracked 
| 434|0x000000066c800000, 0x000000066c800000, 0x000000066cc00000|  0%| F|  |TAMS 0x000000066c800000, 0x000000066c800000| Untracked 
| 435|0x000000066cc00000, 0x000000066cc00000, 0x000000066d000000|  0%| F|  |TAMS 0x000000066cc00000, 0x000000066cc00000| Untracked 
| 436|0x000000066d000000, 0x000000066d000000, 0x000000066d400000|  0%| F|  |TAMS 0x000000066d000000, 0x000000066d000000| Untracked 
| 437|0x000000066d400000, 0x000000066d400000, 0x000000066d800000|  0%| F|  |TAMS 0x000000066d400000, 0x000000066d400000| Untracked 
| 438|0x000000066d800000, 0x000000066d800000, 0x000000066dc00000|  0%| F|  |TAMS 0x000000066d800000, 0x000000066d800000| Untracked 
| 439|0x000000066dc00000, 0x000000066dc00000, 0x000000066e000000|  0%| F|  |TAMS 0x000000066dc00000, 0x000000066dc00000| Untracked 
| 440|0x000000066e000000, 0x000000066e000000, 0x000000066e400000|  0%| F|  |TAMS 0x000000066e000000, 0x000000066e000000| Untracked 
| 441|0x000000066e400000, 0x000000066e400000, 0x000000066e800000|  0%| F|  |TAMS 0x000000066e400000, 0x000000066e400000| Untracked 
| 442|0x000000066e800000, 0x000000066e800000, 0x000000066ec00000|  0%| F|  |TAMS 0x000000066e800000, 0x000000066e800000| Untracked 
| 443|0x000000066ec00000, 0x000000066ec00000, 0x000000066f000000|  0%| F|  |TAMS 0x000000066ec00000, 0x000000066ec00000| Untracked 
| 444|0x000000066f000000, 0x000000066f000000, 0x000000066f400000|  0%| F|  |TAMS 0x000000066f000000, 0x000000066f000000| Untracked 
| 445|0x000000066f400000, 0x000000066f400000, 0x000000066f800000|  0%| F|  |TAMS 0x000000066f400000, 0x000000066f400000| Untracked 
| 446|0x000000066f800000, 0x000000066f800000, 0x000000066fc00000|  0%| F|  |TAMS 0x000000066f800000, 0x000000066f800000| Untracked 
| 447|0x000000066fc00000, 0x000000066fc00000, 0x0000000670000000|  0%| F|  |TAMS 0x000000066fc00000, 0x000000066fc00000| Untracked 
| 448|0x0000000670000000, 0x0000000670000000, 0x0000000670400000|  0%| F|  |TAMS 0x0000000670000000, 0x0000000670000000| Untracked 
| 449|0x0000000670400000, 0x0000000670400000, 0x0000000670800000|  0%| F|  |TAMS 0x0000000670400000, 0x0000000670400000| Untracked 
| 450|0x0000000670800000, 0x0000000670800000, 0x0000000670c00000|  0%| F|  |TAMS 0x0000000670800000, 0x0000000670800000| Untracked 
| 451|0x0000000670c00000, 0x0000000670c00000, 0x0000000671000000|  0%| F|  |TAMS 0x0000000670c00000, 0x0000000670c00000| Untracked 
| 452|0x0000000671000000, 0x0000000671000000, 0x0000000671400000|  0%| F|  |TAMS 0x0000000671000000, 0x0000000671000000| Untracked 
| 453|0x0000000671400000, 0x0000000671400000, 0x0000000671800000|  0%| F|  |TAMS 0x0000000671400000, 0x0000000671400000| Untracked 
| 454|0x0000000671800000, 0x0000000671800000, 0x0000000671c00000|  0%| F|  |TAMS 0x0000000671800000, 0x0000000671800000| Untracked 
| 455|0x0000000671c00000, 0x0000000671c00000, 0x0000000672000000|  0%| F|  |TAMS 0x0000000671c00000, 0x0000000671c00000| Untracked 
| 456|0x0000000672000000, 0x0000000672000000, 0x0000000672400000|  0%| F|  |TAMS 0x0000000672000000, 0x0000000672000000| Untracked 
| 457|0x0000000672400000, 0x0000000672400000, 0x0000000672800000|  0%| F|  |TAMS 0x0000000672400000, 0x0000000672400000| Untracked 
| 458|0x0000000672800000, 0x0000000672800000, 0x0000000672c00000|  0%| F|  |TAMS 0x0000000672800000, 0x0000000672800000| Untracked 
| 459|0x0000000672c00000, 0x0000000672c00000, 0x0000000673000000|  0%| F|  |TAMS 0x0000000672c00000, 0x0000000672c00000| Untracked 
| 460|0x0000000673000000, 0x0000000673000000, 0x0000000673400000|  0%| F|  |TAMS 0x0000000673000000, 0x0000000673000000| Untracked 
| 461|0x0000000673400000, 0x0000000673400000, 0x0000000673800000|  0%| F|  |TAMS 0x0000000673400000, 0x0000000673400000| Untracked 
| 462|0x0000000673800000, 0x0000000673800000, 0x0000000673c00000|  0%| F|  |TAMS 0x0000000673800000, 0x0000000673800000| Untracked 
| 463|0x0000000673c00000, 0x0000000673c00000, 0x0000000674000000|  0%| F|  |TAMS 0x0000000673c00000, 0x0000000673c00000| Untracked 
| 464|0x0000000674000000, 0x0000000674000000, 0x0000000674400000|  0%| F|  |TAMS 0x0000000674000000, 0x0000000674000000| Untracked 
| 465|0x0000000674400000, 0x0000000674400000, 0x0000000674800000|  0%| F|  |TAMS 0x0000000674400000, 0x0000000674400000| Untracked 
| 466|0x0000000674800000, 0x0000000674800000, 0x0000000674c00000|  0%| F|  |TAMS 0x0000000674800000, 0x0000000674800000| Untracked 
| 467|0x0000000674c00000, 0x0000000674c00000, 0x0000000675000000|  0%| F|  |TAMS 0x0000000674c00000, 0x0000000674c00000| Untracked 
| 468|0x0000000675000000, 0x0000000675000000, 0x0000000675400000|  0%| F|  |TAMS 0x0000000675000000, 0x0000000675000000| Untracked 
| 469|0x0000000675400000, 0x0000000675400000, 0x0000000675800000|  0%| F|  |TAMS 0x0000000675400000, 0x0000000675400000| Untracked 
| 470|0x0000000675800000, 0x0000000675800000, 0x0000000675c00000|  0%| F|  |TAMS 0x0000000675800000, 0x0000000675800000| Untracked 
| 471|0x0000000675c00000, 0x0000000675c00000, 0x0000000676000000|  0%| F|  |TAMS 0x0000000675c00000, 0x0000000675c00000| Untracked 
| 472|0x0000000676000000, 0x0000000676000000, 0x0000000676400000|  0%| F|  |TAMS 0x0000000676000000, 0x0000000676000000| Untracked 
| 473|0x0000000676400000, 0x0000000676400000, 0x0000000676800000|  0%| F|  |TAMS 0x0000000676400000, 0x0000000676400000| Untracked 
| 474|0x0000000676800000, 0x0000000676800000, 0x0000000676c00000|  0%| F|  |TAMS 0x0000000676800000, 0x0000000676800000| Untracked 
| 475|0x0000000676c00000, 0x0000000676c00000, 0x0000000677000000|  0%| F|  |TAMS 0x0000000676c00000, 0x0000000676c00000| Untracked 
| 476|0x0000000677000000, 0x0000000677000000, 0x0000000677400000|  0%| F|  |TAMS 0x0000000677000000, 0x0000000677000000| Untracked 
| 477|0x0000000677400000, 0x0000000677400000, 0x0000000677800000|  0%| F|  |TAMS 0x0000000677400000, 0x0000000677400000| Untracked 
| 478|0x0000000677800000, 0x0000000677800000, 0x0000000677c00000|  0%| F|  |TAMS 0x0000000677800000, 0x0000000677800000| Untracked 
| 479|0x0000000677c00000, 0x0000000677c00000, 0x0000000678000000|  0%| F|  |TAMS 0x0000000677c00000, 0x0000000677c00000| Untracked 
| 480|0x0000000678000000, 0x0000000678000000, 0x0000000678400000|  0%| F|  |TAMS 0x0000000678000000, 0x0000000678000000| Untracked 
| 481|0x0000000678400000, 0x0000000678400000, 0x0000000678800000|  0%| F|  |TAMS 0x0000000678400000, 0x0000000678400000| Untracked 
| 482|0x0000000678800000, 0x0000000678800000, 0x0000000678c00000|  0%| F|  |TAMS 0x0000000678800000, 0x0000000678800000| Untracked 
| 483|0x0000000678c00000, 0x0000000678c00000, 0x0000000679000000|  0%| F|  |TAMS 0x0000000678c00000, 0x0000000678c00000| Untracked 
| 484|0x0000000679000000, 0x0000000679000000, 0x0000000679400000|  0%| F|  |TAMS 0x0000000679000000, 0x0000000679000000| Untracked 
| 485|0x0000000679400000, 0x0000000679400000, 0x0000000679800000|  0%| F|  |TAMS 0x0000000679400000, 0x0000000679400000| Untracked 
| 486|0x0000000679800000, 0x0000000679800000, 0x0000000679c00000|  0%| F|  |TAMS 0x0000000679800000, 0x0000000679800000| Untracked 
| 487|0x0000000679c00000, 0x0000000679c00000, 0x000000067a000000|  0%| F|  |TAMS 0x0000000679c00000, 0x0000000679c00000| Untracked 
| 488|0x000000067a000000, 0x000000067a000000, 0x000000067a400000|  0%| F|  |TAMS 0x000000067a000000, 0x000000067a000000| Untracked 
| 489|0x000000067a400000, 0x000000067a400000, 0x000000067a800000|  0%| F|  |TAMS 0x000000067a400000, 0x000000067a400000| Untracked 
| 490|0x000000067a800000, 0x000000067a800000, 0x000000067ac00000|  0%| F|  |TAMS 0x000000067a800000, 0x000000067a800000| Untracked 
| 491|0x000000067ac00000, 0x000000067ac00000, 0x000000067b000000|  0%| F|  |TAMS 0x000000067ac00000, 0x000000067ac00000| Untracked 
| 492|0x000000067b000000, 0x000000067b000000, 0x000000067b400000|  0%| F|  |TAMS 0x000000067b000000, 0x000000067b000000| Untracked 
| 493|0x000000067b400000, 0x000000067b400000, 0x000000067b800000|  0%| F|  |TAMS 0x000000067b400000, 0x000000067b400000| Untracked 
| 494|0x000000067b800000, 0x000000067b800000, 0x000000067bc00000|  0%| F|  |TAMS 0x000000067b800000, 0x000000067b800000| Untracked 
| 495|0x000000067bc00000, 0x000000067bc00000, 0x000000067c000000|  0%| F|  |TAMS 0x000000067bc00000, 0x000000067bc00000| Untracked 
| 496|0x000000067c000000, 0x000000067c000000, 0x000000067c400000|  0%| F|  |TAMS 0x000000067c000000, 0x000000067c000000| Untracked 
| 497|0x000000067c400000, 0x000000067c400000, 0x000000067c800000|  0%| F|  |TAMS 0x000000067c400000, 0x000000067c400000| Untracked 
| 498|0x000000067c800000, 0x000000067c800000, 0x000000067cc00000|  0%| F|  |TAMS 0x000000067c800000, 0x000000067c800000| Untracked 
| 499|0x000000067cc00000, 0x000000067cc00000, 0x000000067d000000|  0%| F|  |TAMS 0x000000067cc00000, 0x000000067cc00000| Untracked 
| 500|0x000000067d000000, 0x000000067d000000, 0x000000067d400000|  0%| F|  |TAMS 0x000000067d000000, 0x000000067d000000| Untracked 
| 501|0x000000067d400000, 0x000000067d400000, 0x000000067d800000|  0%| F|  |TAMS 0x000000067d400000, 0x000000067d400000| Untracked 
| 502|0x000000067d800000, 0x000000067d800000, 0x000000067dc00000|  0%| F|  |TAMS 0x000000067d800000, 0x000000067d800000| Untracked 
| 503|0x000000067dc00000, 0x000000067dc00000, 0x000000067e000000|  0%| F|  |TAMS 0x000000067dc00000, 0x000000067dc00000| Untracked 
| 504|0x000000067e000000, 0x000000067e000000, 0x000000067e400000|  0%| F|  |TAMS 0x000000067e000000, 0x000000067e000000| Untracked 
| 505|0x000000067e400000, 0x000000067e400000, 0x000000067e800000|  0%| F|  |TAMS 0x000000067e400000, 0x000000067e400000| Untracked 
| 506|0x000000067e800000, 0x000000067e800000, 0x000000067ec00000|  0%| F|  |TAMS 0x000000067e800000, 0x000000067e800000| Untracked 
| 507|0x000000067ec00000, 0x000000067ec00000, 0x000000067f000000|  0%| F|  |TAMS 0x000000067ec00000, 0x000000067ec00000| Untracked 
| 508|0x000000067f000000, 0x000000067f000000, 0x000000067f400000|  0%| F|  |TAMS 0x000000067f000000, 0x000000067f000000| Untracked 
| 509|0x000000067f400000, 0x000000067f400000, 0x000000067f800000|  0%| F|  |TAMS 0x000000067f400000, 0x000000067f400000| Untracked 
| 510|0x000000067f800000, 0x000000067f800000, 0x000000067fc00000|  0%| F|  |TAMS 0x000000067f800000, 0x000000067f800000| Untracked 
| 511|0x000000067fc00000, 0x000000067fc00000, 0x0000000680000000|  0%| F|  |TAMS 0x000000067fc00000, 0x000000067fc00000| Untracked 
| 512|0x0000000680000000, 0x0000000680000000, 0x0000000680400000|  0%| F|  |TAMS 0x0000000680000000, 0x0000000680000000| Untracked 
| 513|0x0000000680400000, 0x0000000680400000, 0x0000000680800000|  0%| F|  |TAMS 0x0000000680400000, 0x0000000680400000| Untracked 
| 514|0x0000000680800000, 0x0000000680800000, 0x0000000680c00000|  0%| F|  |TAMS 0x0000000680800000, 0x0000000680800000| Untracked 
| 515|0x0000000680c00000, 0x0000000680c00000, 0x0000000681000000|  0%| F|  |TAMS 0x0000000680c00000, 0x0000000680c00000| Untracked 
| 516|0x0000000681000000, 0x0000000681000000, 0x0000000681400000|  0%| F|  |TAMS 0x0000000681000000, 0x0000000681000000| Untracked 
| 517|0x0000000681400000, 0x0000000681400000, 0x0000000681800000|  0%| F|  |TAMS 0x0000000681400000, 0x0000000681400000| Untracked 
| 518|0x0000000681800000, 0x0000000681800000, 0x0000000681c00000|  0%| F|  |TAMS 0x0000000681800000, 0x0000000681800000| Untracked 
| 519|0x0000000681c00000, 0x0000000681c00000, 0x0000000682000000|  0%| F|  |TAMS 0x0000000681c00000, 0x0000000681c00000| Untracked 
| 520|0x0000000682000000, 0x0000000682000000, 0x0000000682400000|  0%| F|  |TAMS 0x0000000682000000, 0x0000000682000000| Untracked 
| 521|0x0000000682400000, 0x0000000682400000, 0x0000000682800000|  0%| F|  |TAMS 0x0000000682400000, 0x0000000682400000| Untracked 
| 522|0x0000000682800000, 0x0000000682800000, 0x0000000682c00000|  0%| F|  |TAMS 0x0000000682800000, 0x0000000682800000| Untracked 
| 523|0x0000000682c00000, 0x0000000682c00000, 0x0000000683000000|  0%| F|  |TAMS 0x0000000682c00000, 0x0000000682c00000| Untracked 
| 524|0x0000000683000000, 0x0000000683000000, 0x0000000683400000|  0%| F|  |TAMS 0x0000000683000000, 0x0000000683000000| Untracked 
| 525|0x0000000683400000, 0x0000000683400000, 0x0000000683800000|  0%| F|  |TAMS 0x0000000683400000, 0x0000000683400000| Untracked 
| 526|0x0000000683800000, 0x0000000683800000, 0x0000000683c00000|  0%| F|  |TAMS 0x0000000683800000, 0x0000000683800000| Untracked 
| 527|0x0000000683c00000, 0x0000000683c00000, 0x0000000684000000|  0%| F|  |TAMS 0x0000000683c00000, 0x0000000683c00000| Untracked 
| 528|0x0000000684000000, 0x0000000684000000, 0x0000000684400000|  0%| F|  |TAMS 0x0000000684000000, 0x0000000684000000| Untracked 
| 529|0x0000000684400000, 0x0000000684400000, 0x0000000684800000|  0%| F|  |TAMS 0x0000000684400000, 0x0000000684400000| Untracked 
| 530|0x0000000684800000, 0x0000000684800000, 0x0000000684c00000|  0%| F|  |TAMS 0x0000000684800000, 0x0000000684800000| Untracked 
| 531|0x0000000684c00000, 0x0000000684c00000, 0x0000000685000000|  0%| F|  |TAMS 0x0000000684c00000, 0x0000000684c00000| Untracked 
| 532|0x0000000685000000, 0x0000000685000000, 0x0000000685400000|  0%| F|  |TAMS 0x0000000685000000, 0x0000000685000000| Untracked 
| 533|0x0000000685400000, 0x0000000685400000, 0x0000000685800000|  0%| F|  |TAMS 0x0000000685400000, 0x0000000685400000| Untracked 
| 534|0x0000000685800000, 0x0000000685800000, 0x0000000685c00000|  0%| F|  |TAMS 0x0000000685800000, 0x0000000685800000| Untracked 
| 535|0x0000000685c00000, 0x0000000685c00000, 0x0000000686000000|  0%| F|  |TAMS 0x0000000685c00000, 0x0000000685c00000| Untracked 
| 536|0x0000000686000000, 0x0000000686000000, 0x0000000686400000|  0%| F|  |TAMS 0x0000000686000000, 0x0000000686000000| Untracked 
| 537|0x0000000686400000, 0x0000000686400000, 0x0000000686800000|  0%| F|  |TAMS 0x0000000686400000, 0x0000000686400000| Untracked 
| 538|0x0000000686800000, 0x0000000686800000, 0x0000000686c00000|  0%| F|  |TAMS 0x0000000686800000, 0x0000000686800000| Untracked 
| 539|0x0000000686c00000, 0x0000000686c00000, 0x0000000687000000|  0%| F|  |TAMS 0x0000000686c00000, 0x0000000686c00000| Untracked 
| 540|0x0000000687000000, 0x0000000687000000, 0x0000000687400000|  0%| F|  |TAMS 0x0000000687000000, 0x0000000687000000| Untracked 
| 541|0x0000000687400000, 0x0000000687400000, 0x0000000687800000|  0%| F|  |TAMS 0x0000000687400000, 0x0000000687400000| Untracked 
| 542|0x0000000687800000, 0x0000000687800000, 0x0000000687c00000|  0%| F|  |TAMS 0x0000000687800000, 0x0000000687800000| Untracked 
| 543|0x0000000687c00000, 0x0000000687c00000, 0x0000000688000000|  0%| F|  |TAMS 0x0000000687c00000, 0x0000000687c00000| Untracked 
| 544|0x0000000688000000, 0x0000000688000000, 0x0000000688400000|  0%| F|  |TAMS 0x0000000688000000, 0x0000000688000000| Untracked 
| 545|0x0000000688400000, 0x0000000688400000, 0x0000000688800000|  0%| F|  |TAMS 0x0000000688400000, 0x0000000688400000| Untracked 
| 546|0x0000000688800000, 0x0000000688800000, 0x0000000688c00000|  0%| F|  |TAMS 0x0000000688800000, 0x0000000688800000| Untracked 
| 547|0x0000000688c00000, 0x0000000688c00000, 0x0000000689000000|  0%| F|  |TAMS 0x0000000688c00000, 0x0000000688c00000| Untracked 
| 548|0x0000000689000000, 0x0000000689000000, 0x0000000689400000|  0%| F|  |TAMS 0x0000000689000000, 0x0000000689000000| Untracked 
| 549|0x0000000689400000, 0x0000000689400000, 0x0000000689800000|  0%| F|  |TAMS 0x0000000689400000, 0x0000000689400000| Untracked 
| 550|0x0000000689800000, 0x0000000689800000, 0x0000000689c00000|  0%| F|  |TAMS 0x0000000689800000, 0x0000000689800000| Untracked 
| 551|0x0000000689c00000, 0x0000000689c00000, 0x000000068a000000|  0%| F|  |TAMS 0x0000000689c00000, 0x0000000689c00000| Untracked 
| 552|0x000000068a000000, 0x000000068a000000, 0x000000068a400000|  0%| F|  |TAMS 0x000000068a000000, 0x000000068a000000| Untracked 
| 553|0x000000068a400000, 0x000000068a400000, 0x000000068a800000|  0%| F|  |TAMS 0x000000068a400000, 0x000000068a400000| Untracked 
| 554|0x000000068a800000, 0x000000068a800000, 0x000000068ac00000|  0%| F|  |TAMS 0x000000068a800000, 0x000000068a800000| Untracked 
| 555|0x000000068ac00000, 0x000000068ac00000, 0x000000068b000000|  0%| F|  |TAMS 0x000000068ac00000, 0x000000068ac00000| Untracked 
| 556|0x000000068b000000, 0x000000068b000000, 0x000000068b400000|  0%| F|  |TAMS 0x000000068b000000, 0x000000068b000000| Untracked 
| 557|0x000000068b400000, 0x000000068b400000, 0x000000068b800000|  0%| F|  |TAMS 0x000000068b400000, 0x000000068b400000| Untracked 
| 558|0x000000068b800000, 0x000000068b800000, 0x000000068bc00000|  0%| F|  |TAMS 0x000000068b800000, 0x000000068b800000| Untracked 
| 559|0x000000068bc00000, 0x000000068bc00000, 0x000000068c000000|  0%| F|  |TAMS 0x000000068bc00000, 0x000000068bc00000| Untracked 
| 560|0x000000068c000000, 0x000000068c000000, 0x000000068c400000|  0%| F|  |TAMS 0x000000068c000000, 0x000000068c000000| Untracked 
| 561|0x000000068c400000, 0x000000068c400000, 0x000000068c800000|  0%| F|  |TAMS 0x000000068c400000, 0x000000068c400000| Untracked 
| 562|0x000000068c800000, 0x000000068c800000, 0x000000068cc00000|  0%| F|  |TAMS 0x000000068c800000, 0x000000068c800000| Untracked 
| 563|0x000000068cc00000, 0x000000068cc00000, 0x000000068d000000|  0%| F|  |TAMS 0x000000068cc00000, 0x000000068cc00000| Untracked 
| 564|0x000000068d000000, 0x000000068d000000, 0x000000068d400000|  0%| F|  |TAMS 0x000000068d000000, 0x000000068d000000| Untracked 
| 565|0x000000068d400000, 0x000000068d400000, 0x000000068d800000|  0%| F|  |TAMS 0x000000068d400000, 0x000000068d400000| Untracked 
| 566|0x000000068d800000, 0x000000068d800000, 0x000000068dc00000|  0%| F|  |TAMS 0x000000068d800000, 0x000000068d800000| Untracked 
| 567|0x000000068dc00000, 0x000000068dc00000, 0x000000068e000000|  0%| F|  |TAMS 0x000000068dc00000, 0x000000068dc00000| Untracked 
| 568|0x000000068e000000, 0x000000068e000000, 0x000000068e400000|  0%| F|  |TAMS 0x000000068e000000, 0x000000068e000000| Untracked 
| 569|0x000000068e400000, 0x000000068e400000, 0x000000068e800000|  0%| F|  |TAMS 0x000000068e400000, 0x000000068e400000| Untracked 
| 570|0x000000068e800000, 0x000000068e800000, 0x000000068ec00000|  0%| F|  |TAMS 0x000000068e800000, 0x000000068e800000| Untracked 
| 571|0x000000068ec00000, 0x000000068ec00000, 0x000000068f000000|  0%| F|  |TAMS 0x000000068ec00000, 0x000000068ec00000| Untracked 
| 572|0x000000068f000000, 0x000000068f000000, 0x000000068f400000|  0%| F|  |TAMS 0x000000068f000000, 0x000000068f000000| Untracked 
| 573|0x000000068f400000, 0x000000068f400000, 0x000000068f800000|  0%| F|  |TAMS 0x000000068f400000, 0x000000068f400000| Untracked 
| 574|0x000000068f800000, 0x000000068f800000, 0x000000068fc00000|  0%| F|  |TAMS 0x000000068f800000, 0x000000068f800000| Untracked 
| 575|0x000000068fc00000, 0x000000068fc00000, 0x0000000690000000|  0%| F|  |TAMS 0x000000068fc00000, 0x000000068fc00000| Untracked 
| 576|0x0000000690000000, 0x0000000690000000, 0x0000000690400000|  0%| F|  |TAMS 0x0000000690000000, 0x0000000690000000| Untracked 
| 577|0x0000000690400000, 0x0000000690400000, 0x0000000690800000|  0%| F|  |TAMS 0x0000000690400000, 0x0000000690400000| Untracked 
| 578|0x0000000690800000, 0x0000000690800000, 0x0000000690c00000|  0%| F|  |TAMS 0x0000000690800000, 0x0000000690800000| Untracked 
| 579|0x0000000690c00000, 0x0000000690c00000, 0x0000000691000000|  0%| F|  |TAMS 0x0000000690c00000, 0x0000000690c00000| Untracked 
| 580|0x0000000691000000, 0x0000000691000000, 0x0000000691400000|  0%| F|  |TAMS 0x0000000691000000, 0x0000000691000000| Untracked 
| 581|0x0000000691400000, 0x0000000691400000, 0x0000000691800000|  0%| F|  |TAMS 0x0000000691400000, 0x0000000691400000| Untracked 
| 582|0x0000000691800000, 0x0000000691800000, 0x0000000691c00000|  0%| F|  |TAMS 0x0000000691800000, 0x0000000691800000| Untracked 
| 583|0x0000000691c00000, 0x0000000691c00000, 0x0000000692000000|  0%| F|  |TAMS 0x0000000691c00000, 0x0000000691c00000| Untracked 
| 584|0x0000000692000000, 0x0000000692000000, 0x0000000692400000|  0%| F|  |TAMS 0x0000000692000000, 0x0000000692000000| Untracked 
| 585|0x0000000692400000, 0x0000000692400000, 0x0000000692800000|  0%| F|  |TAMS 0x0000000692400000, 0x0000000692400000| Untracked 
| 586|0x0000000692800000, 0x0000000692800000, 0x0000000692c00000|  0%| F|  |TAMS 0x0000000692800000, 0x0000000692800000| Untracked 
| 587|0x0000000692c00000, 0x0000000692c00000, 0x0000000693000000|  0%| F|  |TAMS 0x0000000692c00000, 0x0000000692c00000| Untracked 
| 588|0x0000000693000000, 0x0000000693000000, 0x0000000693400000|  0%| F|  |TAMS 0x0000000693000000, 0x0000000693000000| Untracked 
| 589|0x0000000693400000, 0x0000000693400000, 0x0000000693800000|  0%| F|  |TAMS 0x0000000693400000, 0x0000000693400000| Untracked 
| 590|0x0000000693800000, 0x0000000693800000, 0x0000000693c00000|  0%| F|  |TAMS 0x0000000693800000, 0x0000000693800000| Untracked 
| 591|0x0000000693c00000, 0x0000000693c00000, 0x0000000694000000|  0%| F|  |TAMS 0x0000000693c00000, 0x0000000693c00000| Untracked 
| 592|0x0000000694000000, 0x0000000694000000, 0x0000000694400000|  0%| F|  |TAMS 0x0000000694000000, 0x0000000694000000| Untracked 
| 593|0x0000000694400000, 0x0000000694400000, 0x0000000694800000|  0%| F|  |TAMS 0x0000000694400000, 0x0000000694400000| Untracked 
| 594|0x0000000694800000, 0x0000000694800000, 0x0000000694c00000|  0%| F|  |TAMS 0x0000000694800000, 0x0000000694800000| Untracked 
| 595|0x0000000694c00000, 0x0000000694c00000, 0x0000000695000000|  0%| F|  |TAMS 0x0000000694c00000, 0x0000000694c00000| Untracked 
| 596|0x0000000695000000, 0x0000000695000000, 0x0000000695400000|  0%| F|  |TAMS 0x0000000695000000, 0x0000000695000000| Untracked 
| 597|0x0000000695400000, 0x0000000695400000, 0x0000000695800000|  0%| F|  |TAMS 0x0000000695400000, 0x0000000695400000| Untracked 
| 598|0x0000000695800000, 0x0000000695800000, 0x0000000695c00000|  0%| F|  |TAMS 0x0000000695800000, 0x0000000695800000| Untracked 
| 599|0x0000000695c00000, 0x0000000695c00000, 0x0000000696000000|  0%| F|  |TAMS 0x0000000695c00000, 0x0000000695c00000| Untracked 
| 600|0x0000000696000000, 0x0000000696000000, 0x0000000696400000|  0%| F|  |TAMS 0x0000000696000000, 0x0000000696000000| Untracked 
| 601|0x0000000696400000, 0x0000000696400000, 0x0000000696800000|  0%| F|  |TAMS 0x0000000696400000, 0x0000000696400000| Untracked 
| 602|0x0000000696800000, 0x0000000696800000, 0x0000000696c00000|  0%| F|  |TAMS 0x0000000696800000, 0x0000000696800000| Untracked 
| 603|0x0000000696c00000, 0x0000000696c00000, 0x0000000697000000|  0%| F|  |TAMS 0x0000000696c00000, 0x0000000696c00000| Untracked 
| 604|0x0000000697000000, 0x0000000697000000, 0x0000000697400000|  0%| F|  |TAMS 0x0000000697000000, 0x0000000697000000| Untracked 
| 605|0x0000000697400000, 0x0000000697400000, 0x0000000697800000|  0%| F|  |TAMS 0x0000000697400000, 0x0000000697400000| Untracked 
| 606|0x0000000697800000, 0x0000000697800000, 0x0000000697c00000|  0%| F|  |TAMS 0x0000000697800000, 0x0000000697800000| Untracked 
| 607|0x0000000697c00000, 0x0000000697c00000, 0x0000000698000000|  0%| F|  |TAMS 0x0000000697c00000, 0x0000000697c00000| Untracked 
| 608|0x0000000698000000, 0x0000000698000000, 0x0000000698400000|  0%| F|  |TAMS 0x0000000698000000, 0x0000000698000000| Untracked 
| 609|0x0000000698400000, 0x0000000698400000, 0x0000000698800000|  0%| F|  |TAMS 0x0000000698400000, 0x0000000698400000| Untracked 
| 610|0x0000000698800000, 0x0000000698800000, 0x0000000698c00000|  0%| F|  |TAMS 0x0000000698800000, 0x0000000698800000| Untracked 
| 611|0x0000000698c00000, 0x0000000698c00000, 0x0000000699000000|  0%| F|  |TAMS 0x0000000698c00000, 0x0000000698c00000| Untracked 
| 612|0x0000000699000000, 0x0000000699000000, 0x0000000699400000|  0%| F|  |TAMS 0x0000000699000000, 0x0000000699000000| Untracked 
| 613|0x0000000699400000, 0x0000000699400000, 0x0000000699800000|  0%| F|  |TAMS 0x0000000699400000, 0x0000000699400000| Untracked 
| 614|0x0000000699800000, 0x0000000699800000, 0x0000000699c00000|  0%| F|  |TAMS 0x0000000699800000, 0x0000000699800000| Untracked 
| 615|0x0000000699c00000, 0x0000000699c00000, 0x000000069a000000|  0%| F|  |TAMS 0x0000000699c00000, 0x0000000699c00000| Untracked 
| 616|0x000000069a000000, 0x000000069a000000, 0x000000069a400000|  0%| F|  |TAMS 0x000000069a000000, 0x000000069a000000| Untracked 
| 617|0x000000069a400000, 0x000000069a400000, 0x000000069a800000|  0%| F|  |TAMS 0x000000069a400000, 0x000000069a400000| Untracked 
| 618|0x000000069a800000, 0x000000069a800000, 0x000000069ac00000|  0%| F|  |TAMS 0x000000069a800000, 0x000000069a800000| Untracked 
| 619|0x000000069ac00000, 0x000000069ac00000, 0x000000069b000000|  0%| F|  |TAMS 0x000000069ac00000, 0x000000069ac00000| Untracked 
| 620|0x000000069b000000, 0x000000069b000000, 0x000000069b400000|  0%| F|  |TAMS 0x000000069b000000, 0x000000069b000000| Untracked 
| 621|0x000000069b400000, 0x000000069b400000, 0x000000069b800000|  0%| F|  |TAMS 0x000000069b400000, 0x000000069b400000| Untracked 
| 622|0x000000069b800000, 0x000000069b800000, 0x000000069bc00000|  0%| F|  |TAMS 0x000000069b800000, 0x000000069b800000| Untracked 
| 623|0x000000069bc00000, 0x000000069bc00000, 0x000000069c000000|  0%| F|  |TAMS 0x000000069bc00000, 0x000000069bc00000| Untracked 
| 624|0x000000069c000000, 0x000000069c000000, 0x000000069c400000|  0%| F|  |TAMS 0x000000069c000000, 0x000000069c000000| Untracked 
| 625|0x000000069c400000, 0x000000069c400000, 0x000000069c800000|  0%| F|  |TAMS 0x000000069c400000, 0x000000069c400000| Untracked 
| 626|0x000000069c800000, 0x000000069c800000, 0x000000069cc00000|  0%| F|  |TAMS 0x000000069c800000, 0x000000069c800000| Untracked 
| 627|0x000000069cc00000, 0x000000069cc00000, 0x000000069d000000|  0%| F|  |TAMS 0x000000069cc00000, 0x000000069cc00000| Untracked 
| 628|0x000000069d000000, 0x000000069d000000, 0x000000069d400000|  0%| F|  |TAMS 0x000000069d000000, 0x000000069d000000| Untracked 
| 629|0x000000069d400000, 0x000000069d400000, 0x000000069d800000|  0%| F|  |TAMS 0x000000069d400000, 0x000000069d400000| Untracked 
| 630|0x000000069d800000, 0x000000069d800000, 0x000000069dc00000|  0%| F|  |TAMS 0x000000069d800000, 0x000000069d800000| Untracked 
| 631|0x000000069dc00000, 0x000000069dc00000, 0x000000069e000000|  0%| F|  |TAMS 0x000000069dc00000, 0x000000069dc00000| Untracked 
| 632|0x000000069e000000, 0x000000069e000000, 0x000000069e400000|  0%| F|  |TAMS 0x000000069e000000, 0x000000069e000000| Untracked 
| 633|0x000000069e400000, 0x000000069e400000, 0x000000069e800000|  0%| F|  |TAMS 0x000000069e400000, 0x000000069e400000| Untracked 
| 634|0x000000069e800000, 0x000000069e800000, 0x000000069ec00000|  0%| F|  |TAMS 0x000000069e800000, 0x000000069e800000| Untracked 
| 635|0x000000069ec00000, 0x000000069ec00000, 0x000000069f000000|  0%| F|  |TAMS 0x000000069ec00000, 0x000000069ec00000| Untracked 
| 636|0x000000069f000000, 0x000000069f000000, 0x000000069f400000|  0%| F|  |TAMS 0x000000069f000000, 0x000000069f000000| Untracked 
| 637|0x000000069f400000, 0x000000069f400000, 0x000000069f800000|  0%| F|  |TAMS 0x000000069f400000, 0x000000069f400000| Untracked 
| 638|0x000000069f800000, 0x000000069f800000, 0x000000069fc00000|  0%| F|  |TAMS 0x000000069f800000, 0x000000069f800000| Untracked 
| 639|0x000000069fc00000, 0x000000069fc00000, 0x00000006a0000000|  0%| F|  |TAMS 0x000000069fc00000, 0x000000069fc00000| Untracked 
| 640|0x00000006a0000000, 0x00000006a0000000, 0x00000006a0400000|  0%| F|  |TAMS 0x00000006a0000000, 0x00000006a0000000| Untracked 
| 641|0x00000006a0400000, 0x00000006a0400000, 0x00000006a0800000|  0%| F|  |TAMS 0x00000006a0400000, 0x00000006a0400000| Untracked 
| 642|0x00000006a0800000, 0x00000006a0800000, 0x00000006a0c00000|  0%| F|  |TAMS 0x00000006a0800000, 0x00000006a0800000| Untracked 
| 643|0x00000006a0c00000, 0x00000006a0c00000, 0x00000006a1000000|  0%| F|  |TAMS 0x00000006a0c00000, 0x00000006a0c00000| Untracked 
| 644|0x00000006a1000000, 0x00000006a1000000, 0x00000006a1400000|  0%| F|  |TAMS 0x00000006a1000000, 0x00000006a1000000| Untracked 
| 645|0x00000006a1400000, 0x00000006a1400000, 0x00000006a1800000|  0%| F|  |TAMS 0x00000006a1400000, 0x00000006a1400000| Untracked 
| 646|0x00000006a1800000, 0x00000006a1800000, 0x00000006a1c00000|  0%| F|  |TAMS 0x00000006a1800000, 0x00000006a1800000| Untracked 
| 647|0x00000006a1c00000, 0x00000006a1c00000, 0x00000006a2000000|  0%| F|  |TAMS 0x00000006a1c00000, 0x00000006a1c00000| Untracked 
| 648|0x00000006a2000000, 0x00000006a2000000, 0x00000006a2400000|  0%| F|  |TAMS 0x00000006a2000000, 0x00000006a2000000| Untracked 
| 649|0x00000006a2400000, 0x00000006a2400000, 0x00000006a2800000|  0%| F|  |TAMS 0x00000006a2400000, 0x00000006a2400000| Untracked 
| 650|0x00000006a2800000, 0x00000006a2800000, 0x00000006a2c00000|  0%| F|  |TAMS 0x00000006a2800000, 0x00000006a2800000| Untracked 
| 651|0x00000006a2c00000, 0x00000006a2c00000, 0x00000006a3000000|  0%| F|  |TAMS 0x00000006a2c00000, 0x00000006a2c00000| Untracked 
| 652|0x00000006a3000000, 0x00000006a3000000, 0x00000006a3400000|  0%| F|  |TAMS 0x00000006a3000000, 0x00000006a3000000| Untracked 
| 653|0x00000006a3400000, 0x00000006a3400000, 0x00000006a3800000|  0%| F|  |TAMS 0x00000006a3400000, 0x00000006a3400000| Untracked 
| 654|0x00000006a3800000, 0x00000006a3800000, 0x00000006a3c00000|  0%| F|  |TAMS 0x00000006a3800000, 0x00000006a3800000| Untracked 
| 655|0x00000006a3c00000, 0x00000006a3c00000, 0x00000006a4000000|  0%| F|  |TAMS 0x00000006a3c00000, 0x00000006a3c00000| Untracked 
| 656|0x00000006a4000000, 0x00000006a4000000, 0x00000006a4400000|  0%| F|  |TAMS 0x00000006a4000000, 0x00000006a4000000| Untracked 
| 657|0x00000006a4400000, 0x00000006a4400000, 0x00000006a4800000|  0%| F|  |TAMS 0x00000006a4400000, 0x00000006a4400000| Untracked 
| 658|0x00000006a4800000, 0x00000006a4800000, 0x00000006a4c00000|  0%| F|  |TAMS 0x00000006a4800000, 0x00000006a4800000| Untracked 
| 659|0x00000006a4c00000, 0x00000006a4c00000, 0x00000006a5000000|  0%| F|  |TAMS 0x00000006a4c00000, 0x00000006a4c00000| Untracked 
| 660|0x00000006a5000000, 0x00000006a5000000, 0x00000006a5400000|  0%| F|  |TAMS 0x00000006a5000000, 0x00000006a5000000| Untracked 
| 661|0x00000006a5400000, 0x00000006a5400000, 0x00000006a5800000|  0%| F|  |TAMS 0x00000006a5400000, 0x00000006a5400000| Untracked 
| 662|0x00000006a5800000, 0x00000006a5800000, 0x00000006a5c00000|  0%| F|  |TAMS 0x00000006a5800000, 0x00000006a5800000| Untracked 
| 663|0x00000006a5c00000, 0x00000006a5c00000, 0x00000006a6000000|  0%| F|  |TAMS 0x00000006a5c00000, 0x00000006a5c00000| Untracked 
| 664|0x00000006a6000000, 0x00000006a6000000, 0x00000006a6400000|  0%| F|  |TAMS 0x00000006a6000000, 0x00000006a6000000| Untracked 
| 665|0x00000006a6400000, 0x00000006a6400000, 0x00000006a6800000|  0%| F|  |TAMS 0x00000006a6400000, 0x00000006a6400000| Untracked 
| 666|0x00000006a6800000, 0x00000006a6800000, 0x00000006a6c00000|  0%| F|  |TAMS 0x00000006a6800000, 0x00000006a6800000| Untracked 
| 667|0x00000006a6c00000, 0x00000006a6c00000, 0x00000006a7000000|  0%| F|  |TAMS 0x00000006a6c00000, 0x00000006a6c00000| Untracked 
| 668|0x00000006a7000000, 0x00000006a7000000, 0x00000006a7400000|  0%| F|  |TAMS 0x00000006a7000000, 0x00000006a7000000| Untracked 
| 669|0x00000006a7400000, 0x00000006a7400000, 0x00000006a7800000|  0%| F|  |TAMS 0x00000006a7400000, 0x00000006a7400000| Untracked 
| 670|0x00000006a7800000, 0x00000006a7800000, 0x00000006a7c00000|  0%| F|  |TAMS 0x00000006a7800000, 0x00000006a7800000| Untracked 
| 671|0x00000006a7c00000, 0x00000006a7c00000, 0x00000006a8000000|  0%| F|  |TAMS 0x00000006a7c00000, 0x00000006a7c00000| Untracked 
| 672|0x00000006a8000000, 0x00000006a8000000, 0x00000006a8400000|  0%| F|  |TAMS 0x00000006a8000000, 0x00000006a8000000| Untracked 
| 673|0x00000006a8400000, 0x00000006a8400000, 0x00000006a8800000|  0%| F|  |TAMS 0x00000006a8400000, 0x00000006a8400000| Untracked 
| 674|0x00000006a8800000, 0x00000006a8800000, 0x00000006a8c00000|  0%| F|  |TAMS 0x00000006a8800000, 0x00000006a8800000| Untracked 
| 675|0x00000006a8c00000, 0x00000006a8c00000, 0x00000006a9000000|  0%| F|  |TAMS 0x00000006a8c00000, 0x00000006a8c00000| Untracked 
| 676|0x00000006a9000000, 0x00000006a9000000, 0x00000006a9400000|  0%| F|  |TAMS 0x00000006a9000000, 0x00000006a9000000| Untracked 
| 677|0x00000006a9400000, 0x00000006a9400000, 0x00000006a9800000|  0%| F|  |TAMS 0x00000006a9400000, 0x00000006a9400000| Untracked 
| 678|0x00000006a9800000, 0x00000006a9800000, 0x00000006a9c00000|  0%| F|  |TAMS 0x00000006a9800000, 0x00000006a9800000| Untracked 
| 679|0x00000006a9c00000, 0x00000006a9c00000, 0x00000006aa000000|  0%| F|  |TAMS 0x00000006a9c00000, 0x00000006a9c00000| Untracked 
| 680|0x00000006aa000000, 0x00000006aa000000, 0x00000006aa400000|  0%| F|  |TAMS 0x00000006aa000000, 0x00000006aa000000| Untracked 
| 681|0x00000006aa400000, 0x00000006aa400000, 0x00000006aa800000|  0%| F|  |TAMS 0x00000006aa400000, 0x00000006aa400000| Untracked 
| 682|0x00000006aa800000, 0x00000006aa800000, 0x00000006aac00000|  0%| F|  |TAMS 0x00000006aa800000, 0x00000006aa800000| Untracked 
| 683|0x00000006aac00000, 0x00000006aac00000, 0x00000006ab000000|  0%| F|  |TAMS 0x00000006aac00000, 0x00000006aac00000| Untracked 
| 684|0x00000006ab000000, 0x00000006ab000000, 0x00000006ab400000|  0%| F|  |TAMS 0x00000006ab000000, 0x00000006ab000000| Untracked 
| 685|0x00000006ab400000, 0x00000006ab400000, 0x00000006ab800000|  0%| F|  |TAMS 0x00000006ab400000, 0x00000006ab400000| Untracked 
| 686|0x00000006ab800000, 0x00000006ab800000, 0x00000006abc00000|  0%| F|  |TAMS 0x00000006ab800000, 0x00000006ab800000| Untracked 
| 687|0x00000006abc00000, 0x00000006abc00000, 0x00000006ac000000|  0%| F|  |TAMS 0x00000006abc00000, 0x00000006abc00000| Untracked 
| 688|0x00000006ac000000, 0x00000006ac000000, 0x00000006ac400000|  0%| F|  |TAMS 0x00000006ac000000, 0x00000006ac000000| Untracked 
| 689|0x00000006ac400000, 0x00000006ac400000, 0x00000006ac800000|  0%| F|  |TAMS 0x00000006ac400000, 0x00000006ac400000| Untracked 
| 690|0x00000006ac800000, 0x00000006ac800000, 0x00000006acc00000|  0%| F|  |TAMS 0x00000006ac800000, 0x00000006ac800000| Untracked 
| 691|0x00000006acc00000, 0x00000006acc00000, 0x00000006ad000000|  0%| F|  |TAMS 0x00000006acc00000, 0x00000006acc00000| Untracked 
| 692|0x00000006ad000000, 0x00000006ad000000, 0x00000006ad400000|  0%| F|  |TAMS 0x00000006ad000000, 0x00000006ad000000| Untracked 
| 693|0x00000006ad400000, 0x00000006ad400000, 0x00000006ad800000|  0%| F|  |TAMS 0x00000006ad400000, 0x00000006ad400000| Untracked 
| 694|0x00000006ad800000, 0x00000006ad800000, 0x00000006adc00000|  0%| F|  |TAMS 0x00000006ad800000, 0x00000006ad800000| Untracked 
| 695|0x00000006adc00000, 0x00000006adc00000, 0x00000006ae000000|  0%| F|  |TAMS 0x00000006adc00000, 0x00000006adc00000| Untracked 
| 696|0x00000006ae000000, 0x00000006ae000000, 0x00000006ae400000|  0%| F|  |TAMS 0x00000006ae000000, 0x00000006ae000000| Untracked 
| 697|0x00000006ae400000, 0x00000006ae400000, 0x00000006ae800000|  0%| F|  |TAMS 0x00000006ae400000, 0x00000006ae400000| Untracked 
| 698|0x00000006ae800000, 0x00000006ae800000, 0x00000006aec00000|  0%| F|  |TAMS 0x00000006ae800000, 0x00000006ae800000| Untracked 
| 699|0x00000006aec00000, 0x00000006aec00000, 0x00000006af000000|  0%| F|  |TAMS 0x00000006aec00000, 0x00000006aec00000| Untracked 
| 700|0x00000006af000000, 0x00000006af000000, 0x00000006af400000|  0%| F|  |TAMS 0x00000006af000000, 0x00000006af000000| Untracked 
| 701|0x00000006af400000, 0x00000006af400000, 0x00000006af800000|  0%| F|  |TAMS 0x00000006af400000, 0x00000006af400000| Untracked 
| 702|0x00000006af800000, 0x00000006af800000, 0x00000006afc00000|  0%| F|  |TAMS 0x00000006af800000, 0x00000006af800000| Untracked 
| 703|0x00000006afc00000, 0x00000006afc00000, 0x00000006b0000000|  0%| F|  |TAMS 0x00000006afc00000, 0x00000006afc00000| Untracked 
| 704|0x00000006b0000000, 0x00000006b0000000, 0x00000006b0400000|  0%| F|  |TAMS 0x00000006b0000000, 0x00000006b0000000| Untracked 
| 705|0x00000006b0400000, 0x00000006b0400000, 0x00000006b0800000|  0%| F|  |TAMS 0x00000006b0400000, 0x00000006b0400000| Untracked 
| 706|0x00000006b0800000, 0x00000006b0800000, 0x00000006b0c00000|  0%| F|  |TAMS 0x00000006b0800000, 0x00000006b0800000| Untracked 
| 707|0x00000006b0c00000, 0x00000006b0c00000, 0x00000006b1000000|  0%| F|  |TAMS 0x00000006b0c00000, 0x00000006b0c00000| Untracked 
| 708|0x00000006b1000000, 0x00000006b1000000, 0x00000006b1400000|  0%| F|  |TAMS 0x00000006b1000000, 0x00000006b1000000| Untracked 
| 709|0x00000006b1400000, 0x00000006b1400000, 0x00000006b1800000|  0%| F|  |TAMS 0x00000006b1400000, 0x00000006b1400000| Untracked 
| 710|0x00000006b1800000, 0x00000006b1800000, 0x00000006b1c00000|  0%| F|  |TAMS 0x00000006b1800000, 0x00000006b1800000| Untracked 
| 711|0x00000006b1c00000, 0x00000006b1c00000, 0x00000006b2000000|  0%| F|  |TAMS 0x00000006b1c00000, 0x00000006b1c00000| Untracked 
| 712|0x00000006b2000000, 0x00000006b2000000, 0x00000006b2400000|  0%| F|  |TAMS 0x00000006b2000000, 0x00000006b2000000| Untracked 
| 713|0x00000006b2400000, 0x00000006b2400000, 0x00000006b2800000|  0%| F|  |TAMS 0x00000006b2400000, 0x00000006b2400000| Untracked 
| 714|0x00000006b2800000, 0x00000006b2800000, 0x00000006b2c00000|  0%| F|  |TAMS 0x00000006b2800000, 0x00000006b2800000| Untracked 
| 715|0x00000006b2c00000, 0x00000006b2c00000, 0x00000006b3000000|  0%| F|  |TAMS 0x00000006b2c00000, 0x00000006b2c00000| Untracked 
| 716|0x00000006b3000000, 0x00000006b3000000, 0x00000006b3400000|  0%| F|  |TAMS 0x00000006b3000000, 0x00000006b3000000| Untracked 
| 717|0x00000006b3400000, 0x00000006b3400000, 0x00000006b3800000|  0%| F|  |TAMS 0x00000006b3400000, 0x00000006b3400000| Untracked 
| 718|0x00000006b3800000, 0x00000006b3800000, 0x00000006b3c00000|  0%| F|  |TAMS 0x00000006b3800000, 0x00000006b3800000| Untracked 
| 719|0x00000006b3c00000, 0x00000006b3c00000, 0x00000006b4000000|  0%| F|  |TAMS 0x00000006b3c00000, 0x00000006b3c00000| Untracked 
| 720|0x00000006b4000000, 0x00000006b4000000, 0x00000006b4400000|  0%| F|  |TAMS 0x00000006b4000000, 0x00000006b4000000| Untracked 
| 721|0x00000006b4400000, 0x00000006b4400000, 0x00000006b4800000|  0%| F|  |TAMS 0x00000006b4400000, 0x00000006b4400000| Untracked 
| 722|0x00000006b4800000, 0x00000006b4800000, 0x00000006b4c00000|  0%| F|  |TAMS 0x00000006b4800000, 0x00000006b4800000| Untracked 
| 723|0x00000006b4c00000, 0x00000006b4c00000, 0x00000006b5000000|  0%| F|  |TAMS 0x00000006b4c00000, 0x00000006b4c00000| Untracked 
| 724|0x00000006b5000000, 0x00000006b5000000, 0x00000006b5400000|  0%| F|  |TAMS 0x00000006b5000000, 0x00000006b5000000| Untracked 
| 725|0x00000006b5400000, 0x00000006b5400000, 0x00000006b5800000|  0%| F|  |TAMS 0x00000006b5400000, 0x00000006b5400000| Untracked 
| 726|0x00000006b5800000, 0x00000006b5800000, 0x00000006b5c00000|  0%| F|  |TAMS 0x00000006b5800000, 0x00000006b5800000| Untracked 
| 727|0x00000006b5c00000, 0x00000006b5c00000, 0x00000006b6000000|  0%| F|  |TAMS 0x00000006b5c00000, 0x00000006b5c00000| Untracked 
| 728|0x00000006b6000000, 0x00000006b6000000, 0x00000006b6400000|  0%| F|  |TAMS 0x00000006b6000000, 0x00000006b6000000| Untracked 
| 729|0x00000006b6400000, 0x00000006b6400000, 0x00000006b6800000|  0%| F|  |TAMS 0x00000006b6400000, 0x00000006b6400000| Untracked 
| 730|0x00000006b6800000, 0x00000006b6800000, 0x00000006b6c00000|  0%| F|  |TAMS 0x00000006b6800000, 0x00000006b6800000| Untracked 
| 731|0x00000006b6c00000, 0x00000006b6c00000, 0x00000006b7000000|  0%| F|  |TAMS 0x00000006b6c00000, 0x00000006b6c00000| Untracked 
| 732|0x00000006b7000000, 0x00000006b7000000, 0x00000006b7400000|  0%| F|  |TAMS 0x00000006b7000000, 0x00000006b7000000| Untracked 
| 733|0x00000006b7400000, 0x00000006b7400000, 0x00000006b7800000|  0%| F|  |TAMS 0x00000006b7400000, 0x00000006b7400000| Untracked 
| 734|0x00000006b7800000, 0x00000006b7800000, 0x00000006b7c00000|  0%| F|  |TAMS 0x00000006b7800000, 0x00000006b7800000| Untracked 
| 735|0x00000006b7c00000, 0x00000006b7c00000, 0x00000006b8000000|  0%| F|  |TAMS 0x00000006b7c00000, 0x00000006b7c00000| Untracked 
| 736|0x00000006b8000000, 0x00000006b8000000, 0x00000006b8400000|  0%| F|  |TAMS 0x00000006b8000000, 0x00000006b8000000| Untracked 
| 737|0x00000006b8400000, 0x00000006b8400000, 0x00000006b8800000|  0%| F|  |TAMS 0x00000006b8400000, 0x00000006b8400000| Untracked 
| 738|0x00000006b8800000, 0x00000006b8800000, 0x00000006b8c00000|  0%| F|  |TAMS 0x00000006b8800000, 0x00000006b8800000| Untracked 
| 739|0x00000006b8c00000, 0x00000006b8c00000, 0x00000006b9000000|  0%| F|  |TAMS 0x00000006b8c00000, 0x00000006b8c00000| Untracked 
| 740|0x00000006b9000000, 0x00000006b9000000, 0x00000006b9400000|  0%| F|  |TAMS 0x00000006b9000000, 0x00000006b9000000| Untracked 
| 741|0x00000006b9400000, 0x00000006b9400000, 0x00000006b9800000|  0%| F|  |TAMS 0x00000006b9400000, 0x00000006b9400000| Untracked 
| 742|0x00000006b9800000, 0x00000006b9800000, 0x00000006b9c00000|  0%| F|  |TAMS 0x00000006b9800000, 0x00000006b9800000| Untracked 
| 743|0x00000006b9c00000, 0x00000006b9c00000, 0x00000006ba000000|  0%| F|  |TAMS 0x00000006b9c00000, 0x00000006b9c00000| Untracked 
| 744|0x00000006ba000000, 0x00000006ba000000, 0x00000006ba400000|  0%| F|  |TAMS 0x00000006ba000000, 0x00000006ba000000| Untracked 
| 745|0x00000006ba400000, 0x00000006ba400000, 0x00000006ba800000|  0%| F|  |TAMS 0x00000006ba400000, 0x00000006ba400000| Untracked 
| 746|0x00000006ba800000, 0x00000006ba800000, 0x00000006bac00000|  0%| F|  |TAMS 0x00000006ba800000, 0x00000006ba800000| Untracked 
| 747|0x00000006bac00000, 0x00000006bac00000, 0x00000006bb000000|  0%| F|  |TAMS 0x00000006bac00000, 0x00000006bac00000| Untracked 
| 748|0x00000006bb000000, 0x00000006bb000000, 0x00000006bb400000|  0%| F|  |TAMS 0x00000006bb000000, 0x00000006bb000000| Untracked 
| 749|0x00000006bb400000, 0x00000006bb400000, 0x00000006bb800000|  0%| F|  |TAMS 0x00000006bb400000, 0x00000006bb400000| Untracked 
| 750|0x00000006bb800000, 0x00000006bb800000, 0x00000006bbc00000|  0%| F|  |TAMS 0x00000006bb800000, 0x00000006bb800000| Untracked 
| 751|0x00000006bbc00000, 0x00000006bbc00000, 0x00000006bc000000|  0%| F|  |TAMS 0x00000006bbc00000, 0x00000006bbc00000| Untracked 
| 752|0x00000006bc000000, 0x00000006bc000000, 0x00000006bc400000|  0%| F|  |TAMS 0x00000006bc000000, 0x00000006bc000000| Untracked 
| 753|0x00000006bc400000, 0x00000006bc400000, 0x00000006bc800000|  0%| F|  |TAMS 0x00000006bc400000, 0x00000006bc400000| Untracked 
| 754|0x00000006bc800000, 0x00000006bc800000, 0x00000006bcc00000|  0%| F|  |TAMS 0x00000006bc800000, 0x00000006bc800000| Untracked 
| 755|0x00000006bcc00000, 0x00000006bcc00000, 0x00000006bd000000|  0%| F|  |TAMS 0x00000006bcc00000, 0x00000006bcc00000| Untracked 
| 756|0x00000006bd000000, 0x00000006bd000000, 0x00000006bd400000|  0%| F|  |TAMS 0x00000006bd000000, 0x00000006bd000000| Untracked 
| 757|0x00000006bd400000, 0x00000006bd400000, 0x00000006bd800000|  0%| F|  |TAMS 0x00000006bd400000, 0x00000006bd400000| Untracked 
| 758|0x00000006bd800000, 0x00000006bd800000, 0x00000006bdc00000|  0%| F|  |TAMS 0x00000006bd800000, 0x00000006bd800000| Untracked 
| 759|0x00000006bdc00000, 0x00000006bdc00000, 0x00000006be000000|  0%| F|  |TAMS 0x00000006bdc00000, 0x00000006bdc00000| Untracked 
| 760|0x00000006be000000, 0x00000006be000000, 0x00000006be400000|  0%| F|  |TAMS 0x00000006be000000, 0x00000006be000000| Untracked 
| 761|0x00000006be400000, 0x00000006be400000, 0x00000006be800000|  0%| F|  |TAMS 0x00000006be400000, 0x00000006be400000| Untracked 
| 762|0x00000006be800000, 0x00000006be800000, 0x00000006bec00000|  0%| F|  |TAMS 0x00000006be800000, 0x00000006be800000| Untracked 
| 763|0x00000006bec00000, 0x00000006bec00000, 0x00000006bf000000|  0%| F|  |TAMS 0x00000006bec00000, 0x00000006bec00000| Untracked 
| 764|0x00000006bf000000, 0x00000006bf000000, 0x00000006bf400000|  0%| F|  |TAMS 0x00000006bf000000, 0x00000006bf000000| Untracked 
| 765|0x00000006bf400000, 0x00000006bf400000, 0x00000006bf800000|  0%| F|  |TAMS 0x00000006bf400000, 0x00000006bf400000| Untracked 
| 766|0x00000006bf800000, 0x00000006bf800000, 0x00000006bfc00000|  0%| F|  |TAMS 0x00000006bf800000, 0x00000006bf800000| Untracked 
| 767|0x00000006bfc00000, 0x00000006bfc00000, 0x00000006c0000000|  0%| F|  |TAMS 0x00000006bfc00000, 0x00000006bfc00000| Untracked 
| 768|0x00000006c0000000, 0x00000006c0000000, 0x00000006c0400000|  0%| F|  |TAMS 0x00000006c0000000, 0x00000006c0000000| Untracked 
| 769|0x00000006c0400000, 0x00000006c0400000, 0x00000006c0800000|  0%| F|  |TAMS 0x00000006c0400000, 0x00000006c0400000| Untracked 
| 770|0x00000006c0800000, 0x00000006c0800000, 0x00000006c0c00000|  0%| F|  |TAMS 0x00000006c0800000, 0x00000006c0800000| Untracked 
| 771|0x00000006c0c00000, 0x00000006c0c00000, 0x00000006c1000000|  0%| F|  |TAMS 0x00000006c0c00000, 0x00000006c0c00000| Untracked 
| 772|0x00000006c1000000, 0x00000006c1000000, 0x00000006c1400000|  0%| F|  |TAMS 0x00000006c1000000, 0x00000006c1000000| Untracked 
| 773|0x00000006c1400000, 0x00000006c1400000, 0x00000006c1800000|  0%| F|  |TAMS 0x00000006c1400000, 0x00000006c1400000| Untracked 
| 774|0x00000006c1800000, 0x00000006c1800000, 0x00000006c1c00000|  0%| F|  |TAMS 0x00000006c1800000, 0x00000006c1800000| Untracked 
| 775|0x00000006c1c00000, 0x00000006c1c00000, 0x00000006c2000000|  0%| F|  |TAMS 0x00000006c1c00000, 0x00000006c1c00000| Untracked 
| 776|0x00000006c2000000, 0x00000006c2000000, 0x00000006c2400000|  0%| F|  |TAMS 0x00000006c2000000, 0x00000006c2000000| Untracked 
| 777|0x00000006c2400000, 0x00000006c2400000, 0x00000006c2800000|  0%| F|  |TAMS 0x00000006c2400000, 0x00000006c2400000| Untracked 
| 778|0x00000006c2800000, 0x00000006c2800000, 0x00000006c2c00000|  0%| F|  |TAMS 0x00000006c2800000, 0x00000006c2800000| Untracked 
| 779|0x00000006c2c00000, 0x00000006c2c00000, 0x00000006c3000000|  0%| F|  |TAMS 0x00000006c2c00000, 0x00000006c2c00000| Untracked 
| 780|0x00000006c3000000, 0x00000006c3000000, 0x00000006c3400000|  0%| F|  |TAMS 0x00000006c3000000, 0x00000006c3000000| Untracked 
| 781|0x00000006c3400000, 0x00000006c3400000, 0x00000006c3800000|  0%| F|  |TAMS 0x00000006c3400000, 0x00000006c3400000| Untracked 
| 782|0x00000006c3800000, 0x00000006c3800000, 0x00000006c3c00000|  0%| F|  |TAMS 0x00000006c3800000, 0x00000006c3800000| Untracked 
| 783|0x00000006c3c00000, 0x00000006c3c00000, 0x00000006c4000000|  0%| F|  |TAMS 0x00000006c3c00000, 0x00000006c3c00000| Untracked 
| 784|0x00000006c4000000, 0x00000006c4000000, 0x00000006c4400000|  0%| F|  |TAMS 0x00000006c4000000, 0x00000006c4000000| Untracked 
| 785|0x00000006c4400000, 0x00000006c4400000, 0x00000006c4800000|  0%| F|  |TAMS 0x00000006c4400000, 0x00000006c4400000| Untracked 
| 786|0x00000006c4800000, 0x00000006c4800000, 0x00000006c4c00000|  0%| F|  |TAMS 0x00000006c4800000, 0x00000006c4800000| Untracked 
| 787|0x00000006c4c00000, 0x00000006c4c00000, 0x00000006c5000000|  0%| F|  |TAMS 0x00000006c4c00000, 0x00000006c4c00000| Untracked 
| 788|0x00000006c5000000, 0x00000006c5000000, 0x00000006c5400000|  0%| F|  |TAMS 0x00000006c5000000, 0x00000006c5000000| Untracked 
| 789|0x00000006c5400000, 0x00000006c5400000, 0x00000006c5800000|  0%| F|  |TAMS 0x00000006c5400000, 0x00000006c5400000| Untracked 
| 790|0x00000006c5800000, 0x00000006c5800000, 0x00000006c5c00000|  0%| F|  |TAMS 0x00000006c5800000, 0x00000006c5800000| Untracked 
| 791|0x00000006c5c00000, 0x00000006c5c00000, 0x00000006c6000000|  0%| F|  |TAMS 0x00000006c5c00000, 0x00000006c5c00000| Untracked 
| 792|0x00000006c6000000, 0x00000006c6000000, 0x00000006c6400000|  0%| F|  |TAMS 0x00000006c6000000, 0x00000006c6000000| Untracked 
| 793|0x00000006c6400000, 0x00000006c6400000, 0x00000006c6800000|  0%| F|  |TAMS 0x00000006c6400000, 0x00000006c6400000| Untracked 
| 794|0x00000006c6800000, 0x00000006c6800000, 0x00000006c6c00000|  0%| F|  |TAMS 0x00000006c6800000, 0x00000006c6800000| Untracked 
| 795|0x00000006c6c00000, 0x00000006c6c00000, 0x00000006c7000000|  0%| F|  |TAMS 0x00000006c6c00000, 0x00000006c6c00000| Untracked 
| 796|0x00000006c7000000, 0x00000006c7000000, 0x00000006c7400000|  0%| F|  |TAMS 0x00000006c7000000, 0x00000006c7000000| Untracked 
| 797|0x00000006c7400000, 0x00000006c7400000, 0x00000006c7800000|  0%| F|  |TAMS 0x00000006c7400000, 0x00000006c7400000| Untracked 
| 798|0x00000006c7800000, 0x00000006c7800000, 0x00000006c7c00000|  0%| F|  |TAMS 0x00000006c7800000, 0x00000006c7800000| Untracked 
| 799|0x00000006c7c00000, 0x00000006c7c00000, 0x00000006c8000000|  0%| F|  |TAMS 0x00000006c7c00000, 0x00000006c7c00000| Untracked 
| 800|0x00000006c8000000, 0x00000006c8000000, 0x00000006c8400000|  0%| F|  |TAMS 0x00000006c8000000, 0x00000006c8000000| Untracked 
| 801|0x00000006c8400000, 0x00000006c8400000, 0x00000006c8800000|  0%| F|  |TAMS 0x00000006c8400000, 0x00000006c8400000| Untracked 
| 802|0x00000006c8800000, 0x00000006c8800000, 0x00000006c8c00000|  0%| F|  |TAMS 0x00000006c8800000, 0x00000006c8800000| Untracked 
| 803|0x00000006c8c00000, 0x00000006c8c00000, 0x00000006c9000000|  0%| F|  |TAMS 0x00000006c8c00000, 0x00000006c8c00000| Untracked 
| 804|0x00000006c9000000, 0x00000006c9000000, 0x00000006c9400000|  0%| F|  |TAMS 0x00000006c9000000, 0x00000006c9000000| Untracked 
| 805|0x00000006c9400000, 0x00000006c9400000, 0x00000006c9800000|  0%| F|  |TAMS 0x00000006c9400000, 0x00000006c9400000| Untracked 
| 806|0x00000006c9800000, 0x00000006c9800000, 0x00000006c9c00000|  0%| F|  |TAMS 0x00000006c9800000, 0x00000006c9800000| Untracked 
| 807|0x00000006c9c00000, 0x00000006c9c00000, 0x00000006ca000000|  0%| F|  |TAMS 0x00000006c9c00000, 0x00000006c9c00000| Untracked 
| 808|0x00000006ca000000, 0x00000006ca000000, 0x00000006ca400000|  0%| F|  |TAMS 0x00000006ca000000, 0x00000006ca000000| Untracked 
| 809|0x00000006ca400000, 0x00000006ca400000, 0x00000006ca800000|  0%| F|  |TAMS 0x00000006ca400000, 0x00000006ca400000| Untracked 
| 810|0x00000006ca800000, 0x00000006ca800000, 0x00000006cac00000|  0%| F|  |TAMS 0x00000006ca800000, 0x00000006ca800000| Untracked 
| 811|0x00000006cac00000, 0x00000006cac00000, 0x00000006cb000000|  0%| F|  |TAMS 0x00000006cac00000, 0x00000006cac00000| Untracked 
| 812|0x00000006cb000000, 0x00000006cb000000, 0x00000006cb400000|  0%| F|  |TAMS 0x00000006cb000000, 0x00000006cb000000| Untracked 
| 813|0x00000006cb400000, 0x00000006cb400000, 0x00000006cb800000|  0%| F|  |TAMS 0x00000006cb400000, 0x00000006cb400000| Untracked 
| 814|0x00000006cb800000, 0x00000006cb800000, 0x00000006cbc00000|  0%| F|  |TAMS 0x00000006cb800000, 0x00000006cb800000| Untracked 
| 815|0x00000006cbc00000, 0x00000006cbc00000, 0x00000006cc000000|  0%| F|  |TAMS 0x00000006cbc00000, 0x00000006cbc00000| Untracked 
| 816|0x00000006cc000000, 0x00000006cc000000, 0x00000006cc400000|  0%| F|  |TAMS 0x00000006cc000000, 0x00000006cc000000| Untracked 
| 817|0x00000006cc400000, 0x00000006cc400000, 0x00000006cc800000|  0%| F|  |TAMS 0x00000006cc400000, 0x00000006cc400000| Untracked 
| 818|0x00000006cc800000, 0x00000006cc800000, 0x00000006ccc00000|  0%| F|  |TAMS 0x00000006cc800000, 0x00000006cc800000| Untracked 
| 819|0x00000006ccc00000, 0x00000006ccc00000, 0x00000006cd000000|  0%| F|  |TAMS 0x00000006ccc00000, 0x00000006ccc00000| Untracked 
| 820|0x00000006cd000000, 0x00000006cd000000, 0x00000006cd400000|  0%| F|  |TAMS 0x00000006cd000000, 0x00000006cd000000| Untracked 
| 821|0x00000006cd400000, 0x00000006cd400000, 0x00000006cd800000|  0%| F|  |TAMS 0x00000006cd400000, 0x00000006cd400000| Untracked 
| 822|0x00000006cd800000, 0x00000006cd800000, 0x00000006cdc00000|  0%| F|  |TAMS 0x00000006cd800000, 0x00000006cd800000| Untracked 
| 823|0x00000006cdc00000, 0x00000006cdc00000, 0x00000006ce000000|  0%| F|  |TAMS 0x00000006cdc00000, 0x00000006cdc00000| Untracked 
| 824|0x00000006ce000000, 0x00000006ce000000, 0x00000006ce400000|  0%| F|  |TAMS 0x00000006ce000000, 0x00000006ce000000| Untracked 
| 825|0x00000006ce400000, 0x00000006ce400000, 0x00000006ce800000|  0%| F|  |TAMS 0x00000006ce400000, 0x00000006ce400000| Untracked 
| 826|0x00000006ce800000, 0x00000006ce800000, 0x00000006cec00000|  0%| F|  |TAMS 0x00000006ce800000, 0x00000006ce800000| Untracked 
| 827|0x00000006cec00000, 0x00000006cec00000, 0x00000006cf000000|  0%| F|  |TAMS 0x00000006cec00000, 0x00000006cec00000| Untracked 
| 828|0x00000006cf000000, 0x00000006cf000000, 0x00000006cf400000|  0%| F|  |TAMS 0x00000006cf000000, 0x00000006cf000000| Untracked 
| 829|0x00000006cf400000, 0x00000006cf400000, 0x00000006cf800000|  0%| F|  |TAMS 0x00000006cf400000, 0x00000006cf400000| Untracked 
| 830|0x00000006cf800000, 0x00000006cf800000, 0x00000006cfc00000|  0%| F|  |TAMS 0x00000006cf800000, 0x00000006cf800000| Untracked 
| 831|0x00000006cfc00000, 0x00000006cfc00000, 0x00000006d0000000|  0%| F|  |TAMS 0x00000006cfc00000, 0x00000006cfc00000| Untracked 
| 832|0x00000006d0000000, 0x00000006d0000000, 0x00000006d0400000|  0%| F|  |TAMS 0x00000006d0000000, 0x00000006d0000000| Untracked 
| 833|0x00000006d0400000, 0x00000006d0400000, 0x00000006d0800000|  0%| F|  |TAMS 0x00000006d0400000, 0x00000006d0400000| Untracked 
| 834|0x00000006d0800000, 0x00000006d0800000, 0x00000006d0c00000|  0%| F|  |TAMS 0x00000006d0800000, 0x00000006d0800000| Untracked 
| 835|0x00000006d0c00000, 0x00000006d0c00000, 0x00000006d1000000|  0%| F|  |TAMS 0x00000006d0c00000, 0x00000006d0c00000| Untracked 
| 836|0x00000006d1000000, 0x00000006d1000000, 0x00000006d1400000|  0%| F|  |TAMS 0x00000006d1000000, 0x00000006d1000000| Untracked 
| 837|0x00000006d1400000, 0x00000006d1400000, 0x00000006d1800000|  0%| F|  |TAMS 0x00000006d1400000, 0x00000006d1400000| Untracked 
| 838|0x00000006d1800000, 0x00000006d1800000, 0x00000006d1c00000|  0%| F|  |TAMS 0x00000006d1800000, 0x00000006d1800000| Untracked 
| 839|0x00000006d1c00000, 0x00000006d1c00000, 0x00000006d2000000|  0%| F|  |TAMS 0x00000006d1c00000, 0x00000006d1c00000| Untracked 
| 840|0x00000006d2000000, 0x00000006d2000000, 0x00000006d2400000|  0%| F|  |TAMS 0x00000006d2000000, 0x00000006d2000000| Untracked 
| 841|0x00000006d2400000, 0x00000006d2400000, 0x00000006d2800000|  0%| F|  |TAMS 0x00000006d2400000, 0x00000006d2400000| Untracked 
| 842|0x00000006d2800000, 0x00000006d2800000, 0x00000006d2c00000|  0%| F|  |TAMS 0x00000006d2800000, 0x00000006d2800000| Untracked 
| 843|0x00000006d2c00000, 0x00000006d2c00000, 0x00000006d3000000|  0%| F|  |TAMS 0x00000006d2c00000, 0x00000006d2c00000| Untracked 
| 844|0x00000006d3000000, 0x00000006d3000000, 0x00000006d3400000|  0%| F|  |TAMS 0x00000006d3000000, 0x00000006d3000000| Untracked 
| 845|0x00000006d3400000, 0x00000006d3400000, 0x00000006d3800000|  0%| F|  |TAMS 0x00000006d3400000, 0x00000006d3400000| Untracked 
| 846|0x00000006d3800000, 0x00000006d3800000, 0x00000006d3c00000|  0%| F|  |TAMS 0x00000006d3800000, 0x00000006d3800000| Untracked 
| 847|0x00000006d3c00000, 0x00000006d3c00000, 0x00000006d4000000|  0%| F|  |TAMS 0x00000006d3c00000, 0x00000006d3c00000| Untracked 
| 848|0x00000006d4000000, 0x00000006d4000000, 0x00000006d4400000|  0%| F|  |TAMS 0x00000006d4000000, 0x00000006d4000000| Untracked 
| 849|0x00000006d4400000, 0x00000006d4400000, 0x00000006d4800000|  0%| F|  |TAMS 0x00000006d4400000, 0x00000006d4400000| Untracked 
| 850|0x00000006d4800000, 0x00000006d4800000, 0x00000006d4c00000|  0%| F|  |TAMS 0x00000006d4800000, 0x00000006d4800000| Untracked 
| 851|0x00000006d4c00000, 0x00000006d4c00000, 0x00000006d5000000|  0%| F|  |TAMS 0x00000006d4c00000, 0x00000006d4c00000| Untracked 
| 852|0x00000006d5000000, 0x00000006d5000000, 0x00000006d5400000|  0%| F|  |TAMS 0x00000006d5000000, 0x00000006d5000000| Untracked 
| 853|0x00000006d5400000, 0x00000006d5400000, 0x00000006d5800000|  0%| F|  |TAMS 0x00000006d5400000, 0x00000006d5400000| Untracked 
| 854|0x00000006d5800000, 0x00000006d5800000, 0x00000006d5c00000|  0%| F|  |TAMS 0x00000006d5800000, 0x00000006d5800000| Untracked 
| 855|0x00000006d5c00000, 0x00000006d5c00000, 0x00000006d6000000|  0%| F|  |TAMS 0x00000006d5c00000, 0x00000006d5c00000| Untracked 
| 856|0x00000006d6000000, 0x00000006d6000000, 0x00000006d6400000|  0%| F|  |TAMS 0x00000006d6000000, 0x00000006d6000000| Untracked 
| 857|0x00000006d6400000, 0x00000006d6400000, 0x00000006d6800000|  0%| F|  |TAMS 0x00000006d6400000, 0x00000006d6400000| Untracked 
| 858|0x00000006d6800000, 0x00000006d6800000, 0x00000006d6c00000|  0%| F|  |TAMS 0x00000006d6800000, 0x00000006d6800000| Untracked 
| 859|0x00000006d6c00000, 0x00000006d6c00000, 0x00000006d7000000|  0%| F|  |TAMS 0x00000006d6c00000, 0x00000006d6c00000| Untracked 
| 860|0x00000006d7000000, 0x00000006d7000000, 0x00000006d7400000|  0%| F|  |TAMS 0x00000006d7000000, 0x00000006d7000000| Untracked 
| 861|0x00000006d7400000, 0x00000006d7400000, 0x00000006d7800000|  0%| F|  |TAMS 0x00000006d7400000, 0x00000006d7400000| Untracked 
| 862|0x00000006d7800000, 0x00000006d7800000, 0x00000006d7c00000|  0%| F|  |TAMS 0x00000006d7800000, 0x00000006d7800000| Untracked 
| 863|0x00000006d7c00000, 0x00000006d7c00000, 0x00000006d8000000|  0%| F|  |TAMS 0x00000006d7c00000, 0x00000006d7c00000| Untracked 
| 864|0x00000006d8000000, 0x00000006d8000000, 0x00000006d8400000|  0%| F|  |TAMS 0x00000006d8000000, 0x00000006d8000000| Untracked 
| 865|0x00000006d8400000, 0x00000006d8400000, 0x00000006d8800000|  0%| F|  |TAMS 0x00000006d8400000, 0x00000006d8400000| Untracked 
| 866|0x00000006d8800000, 0x00000006d8800000, 0x00000006d8c00000|  0%| F|  |TAMS 0x00000006d8800000, 0x00000006d8800000| Untracked 
| 867|0x00000006d8c00000, 0x00000006d8c00000, 0x00000006d9000000|  0%| F|  |TAMS 0x00000006d8c00000, 0x00000006d8c00000| Untracked 
| 868|0x00000006d9000000, 0x00000006d9000000, 0x00000006d9400000|  0%| F|  |TAMS 0x00000006d9000000, 0x00000006d9000000| Untracked 
| 869|0x00000006d9400000, 0x00000006d9400000, 0x00000006d9800000|  0%| F|  |TAMS 0x00000006d9400000, 0x00000006d9400000| Untracked 
| 870|0x00000006d9800000, 0x00000006d9800000, 0x00000006d9c00000|  0%| F|  |TAMS 0x00000006d9800000, 0x00000006d9800000| Untracked 
| 871|0x00000006d9c00000, 0x00000006d9c00000, 0x00000006da000000|  0%| F|  |TAMS 0x00000006d9c00000, 0x00000006d9c00000| Untracked 
| 872|0x00000006da000000, 0x00000006da000000, 0x00000006da400000|  0%| F|  |TAMS 0x00000006da000000, 0x00000006da000000| Untracked 
| 873|0x00000006da400000, 0x00000006da400000, 0x00000006da800000|  0%| F|  |TAMS 0x00000006da400000, 0x00000006da400000| Untracked 
| 874|0x00000006da800000, 0x00000006da800000, 0x00000006dac00000|  0%| F|  |TAMS 0x00000006da800000, 0x00000006da800000| Untracked 
| 875|0x00000006dac00000, 0x00000006dac00000, 0x00000006db000000|  0%| F|  |TAMS 0x00000006dac00000, 0x00000006dac00000| Untracked 
| 876|0x00000006db000000, 0x00000006db000000, 0x00000006db400000|  0%| F|  |TAMS 0x00000006db000000, 0x00000006db000000| Untracked 
| 877|0x00000006db400000, 0x00000006db400000, 0x00000006db800000|  0%| F|  |TAMS 0x00000006db400000, 0x00000006db400000| Untracked 
| 878|0x00000006db800000, 0x00000006db800000, 0x00000006dbc00000|  0%| F|  |TAMS 0x00000006db800000, 0x00000006db800000| Untracked 
| 879|0x00000006dbc00000, 0x00000006dbc00000, 0x00000006dc000000|  0%| F|  |TAMS 0x00000006dbc00000, 0x00000006dbc00000| Untracked 
| 880|0x00000006dc000000, 0x00000006dc000000, 0x00000006dc400000|  0%| F|  |TAMS 0x00000006dc000000, 0x00000006dc000000| Untracked 
| 881|0x00000006dc400000, 0x00000006dc400000, 0x00000006dc800000|  0%| F|  |TAMS 0x00000006dc400000, 0x00000006dc400000| Untracked 
| 882|0x00000006dc800000, 0x00000006dc800000, 0x00000006dcc00000|  0%| F|  |TAMS 0x00000006dc800000, 0x00000006dc800000| Untracked 
| 883|0x00000006dcc00000, 0x00000006dcc00000, 0x00000006dd000000|  0%| F|  |TAMS 0x00000006dcc00000, 0x00000006dcc00000| Untracked 
| 884|0x00000006dd000000, 0x00000006dd000000, 0x00000006dd400000|  0%| F|  |TAMS 0x00000006dd000000, 0x00000006dd000000| Untracked 
| 885|0x00000006dd400000, 0x00000006dd400000, 0x00000006dd800000|  0%| F|  |TAMS 0x00000006dd400000, 0x00000006dd400000| Untracked 
| 886|0x00000006dd800000, 0x00000006dd800000, 0x00000006ddc00000|  0%| F|  |TAMS 0x00000006dd800000, 0x00000006dd800000| Untracked 
| 887|0x00000006ddc00000, 0x00000006ddc00000, 0x00000006de000000|  0%| F|  |TAMS 0x00000006ddc00000, 0x00000006ddc00000| Untracked 
| 888|0x00000006de000000, 0x00000006de000000, 0x00000006de400000|  0%| F|  |TAMS 0x00000006de000000, 0x00000006de000000| Untracked 
| 889|0x00000006de400000, 0x00000006de400000, 0x00000006de800000|  0%| F|  |TAMS 0x00000006de400000, 0x00000006de400000| Untracked 
| 890|0x00000006de800000, 0x00000006de800000, 0x00000006dec00000|  0%| F|  |TAMS 0x00000006de800000, 0x00000006de800000| Untracked 
| 891|0x00000006dec00000, 0x00000006dec00000, 0x00000006df000000|  0%| F|  |TAMS 0x00000006dec00000, 0x00000006dec00000| Untracked 
| 892|0x00000006df000000, 0x00000006df000000, 0x00000006df400000|  0%| F|  |TAMS 0x00000006df000000, 0x00000006df000000| Untracked 
| 893|0x00000006df400000, 0x00000006df400000, 0x00000006df800000|  0%| F|  |TAMS 0x00000006df400000, 0x00000006df400000| Untracked 
| 894|0x00000006df800000, 0x00000006df800000, 0x00000006dfc00000|  0%| F|  |TAMS 0x00000006df800000, 0x00000006df800000| Untracked 
| 895|0x00000006dfc00000, 0x00000006dfc00000, 0x00000006e0000000|  0%| F|  |TAMS 0x00000006dfc00000, 0x00000006dfc00000| Untracked 
| 896|0x00000006e0000000, 0x00000006e0000000, 0x00000006e0400000|  0%| F|  |TAMS 0x00000006e0000000, 0x00000006e0000000| Untracked 
| 897|0x00000006e0400000, 0x00000006e0400000, 0x00000006e0800000|  0%| F|  |TAMS 0x00000006e0400000, 0x00000006e0400000| Untracked 
| 898|0x00000006e0800000, 0x00000006e0800000, 0x00000006e0c00000|  0%| F|  |TAMS 0x00000006e0800000, 0x00000006e0800000| Untracked 
| 899|0x00000006e0c00000, 0x00000006e0c00000, 0x00000006e1000000|  0%| F|  |TAMS 0x00000006e0c00000, 0x00000006e0c00000| Untracked 
| 900|0x00000006e1000000, 0x00000006e1000000, 0x00000006e1400000|  0%| F|  |TAMS 0x00000006e1000000, 0x00000006e1000000| Untracked 
| 901|0x00000006e1400000, 0x00000006e1400000, 0x00000006e1800000|  0%| F|  |TAMS 0x00000006e1400000, 0x00000006e1400000| Untracked 
| 902|0x00000006e1800000, 0x00000006e1800000, 0x00000006e1c00000|  0%| F|  |TAMS 0x00000006e1800000, 0x00000006e1800000| Untracked 
| 903|0x00000006e1c00000, 0x00000006e1c00000, 0x00000006e2000000|  0%| F|  |TAMS 0x00000006e1c00000, 0x00000006e1c00000| Untracked 
| 904|0x00000006e2000000, 0x00000006e2000000, 0x00000006e2400000|  0%| F|  |TAMS 0x00000006e2000000, 0x00000006e2000000| Untracked 
| 905|0x00000006e2400000, 0x00000006e2400000, 0x00000006e2800000|  0%| F|  |TAMS 0x00000006e2400000, 0x00000006e2400000| Untracked 
| 906|0x00000006e2800000, 0x00000006e2800000, 0x00000006e2c00000|  0%| F|  |TAMS 0x00000006e2800000, 0x00000006e2800000| Untracked 
| 907|0x00000006e2c00000, 0x00000006e2c00000, 0x00000006e3000000|  0%| F|  |TAMS 0x00000006e2c00000, 0x00000006e2c00000| Untracked 
| 908|0x00000006e3000000, 0x00000006e3000000, 0x00000006e3400000|  0%| F|  |TAMS 0x00000006e3000000, 0x00000006e3000000| Untracked 
| 909|0x00000006e3400000, 0x00000006e3400000, 0x00000006e3800000|  0%| F|  |TAMS 0x00000006e3400000, 0x00000006e3400000| Untracked 
| 910|0x00000006e3800000, 0x00000006e3800000, 0x00000006e3c00000|  0%| F|  |TAMS 0x00000006e3800000, 0x00000006e3800000| Untracked 
| 911|0x00000006e3c00000, 0x00000006e3c00000, 0x00000006e4000000|  0%| F|  |TAMS 0x00000006e3c00000, 0x00000006e3c00000| Untracked 
| 912|0x00000006e4000000, 0x00000006e4000000, 0x00000006e4400000|  0%| F|  |TAMS 0x00000006e4000000, 0x00000006e4000000| Untracked 
| 913|0x00000006e4400000, 0x00000006e4400000, 0x00000006e4800000|  0%| F|  |TAMS 0x00000006e4400000, 0x00000006e4400000| Untracked 
| 914|0x00000006e4800000, 0x00000006e4800000, 0x00000006e4c00000|  0%| F|  |TAMS 0x00000006e4800000, 0x00000006e4800000| Untracked 
| 915|0x00000006e4c00000, 0x00000006e4c00000, 0x00000006e5000000|  0%| F|  |TAMS 0x00000006e4c00000, 0x00000006e4c00000| Untracked 
| 916|0x00000006e5000000, 0x00000006e5000000, 0x00000006e5400000|  0%| F|  |TAMS 0x00000006e5000000, 0x00000006e5000000| Untracked 
| 917|0x00000006e5400000, 0x00000006e5400000, 0x00000006e5800000|  0%| F|  |TAMS 0x00000006e5400000, 0x00000006e5400000| Untracked 
| 918|0x00000006e5800000, 0x00000006e5800000, 0x00000006e5c00000|  0%| F|  |TAMS 0x00000006e5800000, 0x00000006e5800000| Untracked 
| 919|0x00000006e5c00000, 0x00000006e5c00000, 0x00000006e6000000|  0%| F|  |TAMS 0x00000006e5c00000, 0x00000006e5c00000| Untracked 
| 920|0x00000006e6000000, 0x00000006e6000000, 0x00000006e6400000|  0%| F|  |TAMS 0x00000006e6000000, 0x00000006e6000000| Untracked 
| 921|0x00000006e6400000, 0x00000006e6400000, 0x00000006e6800000|  0%| F|  |TAMS 0x00000006e6400000, 0x00000006e6400000| Untracked 
| 922|0x00000006e6800000, 0x00000006e6800000, 0x00000006e6c00000|  0%| F|  |TAMS 0x00000006e6800000, 0x00000006e6800000| Untracked 
| 923|0x00000006e6c00000, 0x00000006e6c00000, 0x00000006e7000000|  0%| F|  |TAMS 0x00000006e6c00000, 0x00000006e6c00000| Untracked 
| 924|0x00000006e7000000, 0x00000006e7000000, 0x00000006e7400000|  0%| F|  |TAMS 0x00000006e7000000, 0x00000006e7000000| Untracked 
| 925|0x00000006e7400000, 0x00000006e7400000, 0x00000006e7800000|  0%| F|  |TAMS 0x00000006e7400000, 0x00000006e7400000| Untracked 
| 926|0x00000006e7800000, 0x00000006e7800000, 0x00000006e7c00000|  0%| F|  |TAMS 0x00000006e7800000, 0x00000006e7800000| Untracked 
| 927|0x00000006e7c00000, 0x00000006e7c00000, 0x00000006e8000000|  0%| F|  |TAMS 0x00000006e7c00000, 0x00000006e7c00000| Untracked 
| 928|0x00000006e8000000, 0x00000006e8000000, 0x00000006e8400000|  0%| F|  |TAMS 0x00000006e8000000, 0x00000006e8000000| Untracked 
| 929|0x00000006e8400000, 0x00000006e8400000, 0x00000006e8800000|  0%| F|  |TAMS 0x00000006e8400000, 0x00000006e8400000| Untracked 
| 930|0x00000006e8800000, 0x00000006e8800000, 0x00000006e8c00000|  0%| F|  |TAMS 0x00000006e8800000, 0x00000006e8800000| Untracked 
| 931|0x00000006e8c00000, 0x00000006e8c00000, 0x00000006e9000000|  0%| F|  |TAMS 0x00000006e8c00000, 0x00000006e8c00000| Untracked 
| 932|0x00000006e9000000, 0x00000006e9000000, 0x00000006e9400000|  0%| F|  |TAMS 0x00000006e9000000, 0x00000006e9000000| Untracked 
| 933|0x00000006e9400000, 0x00000006e9400000, 0x00000006e9800000|  0%| F|  |TAMS 0x00000006e9400000, 0x00000006e9400000| Untracked 
| 934|0x00000006e9800000, 0x00000006e9800000, 0x00000006e9c00000|  0%| F|  |TAMS 0x00000006e9800000, 0x00000006e9800000| Untracked 
| 935|0x00000006e9c00000, 0x00000006e9c00000, 0x00000006ea000000|  0%| F|  |TAMS 0x00000006e9c00000, 0x00000006e9c00000| Untracked 
| 936|0x00000006ea000000, 0x00000006ea000000, 0x00000006ea400000|  0%| F|  |TAMS 0x00000006ea000000, 0x00000006ea000000| Untracked 
| 937|0x00000006ea400000, 0x00000006ea400000, 0x00000006ea800000|  0%| F|  |TAMS 0x00000006ea400000, 0x00000006ea400000| Untracked 
| 938|0x00000006ea800000, 0x00000006ea800000, 0x00000006eac00000|  0%| F|  |TAMS 0x00000006ea800000, 0x00000006ea800000| Untracked 
| 939|0x00000006eac00000, 0x00000006eac00000, 0x00000006eb000000|  0%| F|  |TAMS 0x00000006eac00000, 0x00000006eac00000| Untracked 
| 940|0x00000006eb000000, 0x00000006eb000000, 0x00000006eb400000|  0%| F|  |TAMS 0x00000006eb000000, 0x00000006eb000000| Untracked 
| 941|0x00000006eb400000, 0x00000006eb400000, 0x00000006eb800000|  0%| F|  |TAMS 0x00000006eb400000, 0x00000006eb400000| Untracked 
| 942|0x00000006eb800000, 0x00000006eb800000, 0x00000006ebc00000|  0%| F|  |TAMS 0x00000006eb800000, 0x00000006eb800000| Untracked 
| 943|0x00000006ebc00000, 0x00000006ebc00000, 0x00000006ec000000|  0%| F|  |TAMS 0x00000006ebc00000, 0x00000006ebc00000| Untracked 
| 944|0x00000006ec000000, 0x00000006ec000000, 0x00000006ec400000|  0%| F|  |TAMS 0x00000006ec000000, 0x00000006ec000000| Untracked 
| 945|0x00000006ec400000, 0x00000006ec400000, 0x00000006ec800000|  0%| F|  |TAMS 0x00000006ec400000, 0x00000006ec400000| Untracked 
| 946|0x00000006ec800000, 0x00000006ec800000, 0x00000006ecc00000|  0%| F|  |TAMS 0x00000006ec800000, 0x00000006ec800000| Untracked 
| 947|0x00000006ecc00000, 0x00000006ecc00000, 0x00000006ed000000|  0%| F|  |TAMS 0x00000006ecc00000, 0x00000006ecc00000| Untracked 
| 948|0x00000006ed000000, 0x00000006ed000000, 0x00000006ed400000|  0%| F|  |TAMS 0x00000006ed000000, 0x00000006ed000000| Untracked 
| 949|0x00000006ed400000, 0x00000006ed400000, 0x00000006ed800000|  0%| F|  |TAMS 0x00000006ed400000, 0x00000006ed400000| Untracked 
| 950|0x00000006ed800000, 0x00000006ed800000, 0x00000006edc00000|  0%| F|  |TAMS 0x00000006ed800000, 0x00000006ed800000| Untracked 
| 951|0x00000006edc00000, 0x00000006edc00000, 0x00000006ee000000|  0%| F|  |TAMS 0x00000006edc00000, 0x00000006edc00000| Untracked 
| 952|0x00000006ee000000, 0x00000006ee000000, 0x00000006ee400000|  0%| F|  |TAMS 0x00000006ee000000, 0x00000006ee000000| Untracked 
| 953|0x00000006ee400000, 0x00000006ee400000, 0x00000006ee800000|  0%| F|  |TAMS 0x00000006ee400000, 0x00000006ee400000| Untracked 
| 954|0x00000006ee800000, 0x00000006ee800000, 0x00000006eec00000|  0%| F|  |TAMS 0x00000006ee800000, 0x00000006ee800000| Untracked 
| 955|0x00000006eec00000, 0x00000006eec00000, 0x00000006ef000000|  0%| F|  |TAMS 0x00000006eec00000, 0x00000006eec00000| Untracked 
| 956|0x00000006ef000000, 0x00000006ef000000, 0x00000006ef400000|  0%| F|  |TAMS 0x00000006ef000000, 0x00000006ef000000| Untracked 
| 957|0x00000006ef400000, 0x00000006ef400000, 0x00000006ef800000|  0%| F|  |TAMS 0x00000006ef400000, 0x00000006ef400000| Untracked 
| 958|0x00000006ef800000, 0x00000006ef800000, 0x00000006efc00000|  0%| F|  |TAMS 0x00000006ef800000, 0x00000006ef800000| Untracked 
| 959|0x00000006efc00000, 0x00000006efc00000, 0x00000006f0000000|  0%| F|  |TAMS 0x00000006efc00000, 0x00000006efc00000| Untracked 
| 960|0x00000006f0000000, 0x00000006f0000000, 0x00000006f0400000|  0%| F|  |TAMS 0x00000006f0000000, 0x00000006f0000000| Untracked 
| 961|0x00000006f0400000, 0x00000006f0400000, 0x00000006f0800000|  0%| F|  |TAMS 0x00000006f0400000, 0x00000006f0400000| Untracked 
| 962|0x00000006f0800000, 0x00000006f0800000, 0x00000006f0c00000|  0%| F|  |TAMS 0x00000006f0800000, 0x00000006f0800000| Untracked 
| 963|0x00000006f0c00000, 0x00000006f0c00000, 0x00000006f1000000|  0%| F|  |TAMS 0x00000006f0c00000, 0x00000006f0c00000| Untracked 
| 964|0x00000006f1000000, 0x00000006f1000000, 0x00000006f1400000|  0%| F|  |TAMS 0x00000006f1000000, 0x00000006f1000000| Untracked 
| 965|0x00000006f1400000, 0x00000006f1400000, 0x00000006f1800000|  0%| F|  |TAMS 0x00000006f1400000, 0x00000006f1400000| Untracked 
| 966|0x00000006f1800000, 0x00000006f1800000, 0x00000006f1c00000|  0%| F|  |TAMS 0x00000006f1800000, 0x00000006f1800000| Untracked 
| 967|0x00000006f1c00000, 0x00000006f1c00000, 0x00000006f2000000|  0%| F|  |TAMS 0x00000006f1c00000, 0x00000006f1c00000| Untracked 
| 968|0x00000006f2000000, 0x00000006f2000000, 0x00000006f2400000|  0%| F|  |TAMS 0x00000006f2000000, 0x00000006f2000000| Untracked 
| 969|0x00000006f2400000, 0x00000006f2400000, 0x00000006f2800000|  0%| F|  |TAMS 0x00000006f2400000, 0x00000006f2400000| Untracked 
| 970|0x00000006f2800000, 0x00000006f2800000, 0x00000006f2c00000|  0%| F|  |TAMS 0x00000006f2800000, 0x00000006f2800000| Untracked 
| 971|0x00000006f2c00000, 0x00000006f2c00000, 0x00000006f3000000|  0%| F|  |TAMS 0x00000006f2c00000, 0x00000006f2c00000| Untracked 
| 972|0x00000006f3000000, 0x00000006f3000000, 0x00000006f3400000|  0%| F|  |TAMS 0x00000006f3000000, 0x00000006f3000000| Untracked 
| 973|0x00000006f3400000, 0x00000006f3400000, 0x00000006f3800000|  0%| F|  |TAMS 0x00000006f3400000, 0x00000006f3400000| Untracked 
| 974|0x00000006f3800000, 0x00000006f3800000, 0x00000006f3c00000|  0%| F|  |TAMS 0x00000006f3800000, 0x00000006f3800000| Untracked 
| 975|0x00000006f3c00000, 0x00000006f3c00000, 0x00000006f4000000|  0%| F|  |TAMS 0x00000006f3c00000, 0x00000006f3c00000| Untracked 
| 976|0x00000006f4000000, 0x00000006f4000000, 0x00000006f4400000|  0%| F|  |TAMS 0x00000006f4000000, 0x00000006f4000000| Untracked 
| 977|0x00000006f4400000, 0x00000006f4400000, 0x00000006f4800000|  0%| F|  |TAMS 0x00000006f4400000, 0x00000006f4400000| Untracked 
| 978|0x00000006f4800000, 0x00000006f4800000, 0x00000006f4c00000|  0%| F|  |TAMS 0x00000006f4800000, 0x00000006f4800000| Untracked 
| 979|0x00000006f4c00000, 0x00000006f4c00000, 0x00000006f5000000|  0%| F|  |TAMS 0x00000006f4c00000, 0x00000006f4c00000| Untracked 
| 980|0x00000006f5000000, 0x00000006f5000000, 0x00000006f5400000|  0%| F|  |TAMS 0x00000006f5000000, 0x00000006f5000000| Untracked 
| 981|0x00000006f5400000, 0x00000006f5400000, 0x00000006f5800000|  0%| F|  |TAMS 0x00000006f5400000, 0x00000006f5400000| Untracked 
| 982|0x00000006f5800000, 0x00000006f5800000, 0x00000006f5c00000|  0%| F|  |TAMS 0x00000006f5800000, 0x00000006f5800000| Untracked 
| 983|0x00000006f5c00000, 0x00000006f5c00000, 0x00000006f6000000|  0%| F|  |TAMS 0x00000006f5c00000, 0x00000006f5c00000| Untracked 
| 984|0x00000006f6000000, 0x00000006f6000000, 0x00000006f6400000|  0%| F|  |TAMS 0x00000006f6000000, 0x00000006f6000000| Untracked 
| 985|0x00000006f6400000, 0x00000006f6400000, 0x00000006f6800000|  0%| F|  |TAMS 0x00000006f6400000, 0x00000006f6400000| Untracked 
| 986|0x00000006f6800000, 0x00000006f6800000, 0x00000006f6c00000|  0%| F|  |TAMS 0x00000006f6800000, 0x00000006f6800000| Untracked 
| 987|0x00000006f6c00000, 0x00000006f6c00000, 0x00000006f7000000|  0%| F|  |TAMS 0x00000006f6c00000, 0x00000006f6c00000| Untracked 
| 988|0x00000006f7000000, 0x00000006f7000000, 0x00000006f7400000|  0%| F|  |TAMS 0x00000006f7000000, 0x00000006f7000000| Untracked 
| 989|0x00000006f7400000, 0x00000006f7400000, 0x00000006f7800000|  0%| F|  |TAMS 0x00000006f7400000, 0x00000006f7400000| Untracked 
| 990|0x00000006f7800000, 0x00000006f7800000, 0x00000006f7c00000|  0%| F|  |TAMS 0x00000006f7800000, 0x00000006f7800000| Untracked 
| 991|0x00000006f7c00000, 0x00000006f7c00000, 0x00000006f8000000|  0%| F|  |TAMS 0x00000006f7c00000, 0x00000006f7c00000| Untracked 
| 992|0x00000006f8000000, 0x00000006f8000000, 0x00000006f8400000|  0%| F|  |TAMS 0x00000006f8000000, 0x00000006f8000000| Untracked 
| 993|0x00000006f8400000, 0x00000006f8400000, 0x00000006f8800000|  0%| F|  |TAMS 0x00000006f8400000, 0x00000006f8400000| Untracked 
| 994|0x00000006f8800000, 0x00000006f8800000, 0x00000006f8c00000|  0%| F|  |TAMS 0x00000006f8800000, 0x00000006f8800000| Untracked 
| 995|0x00000006f8c00000, 0x00000006f8c00000, 0x00000006f9000000|  0%| F|  |TAMS 0x00000006f8c00000, 0x00000006f8c00000| Untracked 
| 996|0x00000006f9000000, 0x00000006f9000000, 0x00000006f9400000|  0%| F|  |TAMS 0x00000006f9000000, 0x00000006f9000000| Untracked 
| 997|0x00000006f9400000, 0x00000006f9400000, 0x00000006f9800000|  0%| F|  |TAMS 0x00000006f9400000, 0x00000006f9400000| Untracked 
| 998|0x00000006f9800000, 0x00000006f9800000, 0x00000006f9c00000|  0%| F|  |TAMS 0x00000006f9800000, 0x00000006f9800000| Untracked 
| 999|0x00000006f9c00000, 0x00000006f9c00000, 0x00000006fa000000|  0%| F|  |TAMS 0x00000006f9c00000, 0x00000006f9c00000| Untracked 
|1000|0x00000006fa000000, 0x00000006fa000000, 0x00000006fa400000|  0%| F|  |TAMS 0x00000006fa000000, 0x00000006fa000000| Untracked 
|1001|0x00000006fa400000, 0x00000006fa400000, 0x00000006fa800000|  0%| F|  |TAMS 0x00000006fa400000, 0x00000006fa400000| Untracked 
|1002|0x00000006fa800000, 0x00000006fa800000, 0x00000006fac00000|  0%| F|  |TAMS 0x00000006fa800000, 0x00000006fa800000| Untracked 
|1003|0x00000006fac00000, 0x00000006fac00000, 0x00000006fb000000|  0%| F|  |TAMS 0x00000006fac00000, 0x00000006fac00000| Untracked 
|1004|0x00000006fb000000, 0x00000006fb000000, 0x00000006fb400000|  0%| F|  |TAMS 0x00000006fb000000, 0x00000006fb000000| Untracked 
|1005|0x00000006fb400000, 0x00000006fb400000, 0x00000006fb800000|  0%| F|  |TAMS 0x00000006fb400000, 0x00000006fb400000| Untracked 
|1006|0x00000006fb800000, 0x00000006fb800000, 0x00000006fbc00000|  0%| F|  |TAMS 0x00000006fb800000, 0x00000006fb800000| Untracked 
|1007|0x00000006fbc00000, 0x00000006fbc00000, 0x00000006fc000000|  0%| F|  |TAMS 0x00000006fbc00000, 0x00000006fbc00000| Untracked 
|1008|0x00000006fc000000, 0x00000006fc000000, 0x00000006fc400000|  0%| F|  |TAMS 0x00000006fc000000, 0x00000006fc000000| Untracked 
|1009|0x00000006fc400000, 0x00000006fc400000, 0x00000006fc800000|  0%| F|  |TAMS 0x00000006fc400000, 0x00000006fc400000| Untracked 
|1010|0x00000006fc800000, 0x00000006fc800000, 0x00000006fcc00000|  0%| F|  |TAMS 0x00000006fc800000, 0x00000006fc800000| Untracked 
|1011|0x00000006fcc00000, 0x00000006fcc00000, 0x00000006fd000000|  0%| F|  |TAMS 0x00000006fcc00000, 0x00000006fcc00000| Untracked 
|1012|0x00000006fd000000, 0x00000006fd000000, 0x00000006fd400000|  0%| F|  |TAMS 0x00000006fd000000, 0x00000006fd000000| Untracked 
|1013|0x00000006fd400000, 0x00000006fd400000, 0x00000006fd800000|  0%| F|  |TAMS 0x00000006fd400000, 0x00000006fd400000| Untracked 
|1014|0x00000006fd800000, 0x00000006fd800000, 0x00000006fdc00000|  0%| F|  |TAMS 0x00000006fd800000, 0x00000006fd800000| Untracked 
|1015|0x00000006fdc00000, 0x00000006fdc00000, 0x00000006fe000000|  0%| F|  |TAMS 0x00000006fdc00000, 0x00000006fdc00000| Untracked 
|1016|0x00000006fe000000, 0x00000006fe000000, 0x00000006fe400000|  0%| F|  |TAMS 0x00000006fe000000, 0x00000006fe000000| Untracked 
|1017|0x00000006fe400000, 0x00000006fe400000, 0x00000006fe800000|  0%| F|  |TAMS 0x00000006fe400000, 0x00000006fe400000| Untracked 
|1018|0x00000006fe800000, 0x00000006fe800000, 0x00000006fec00000|  0%| F|  |TAMS 0x00000006fe800000, 0x00000006fe800000| Untracked 
|1019|0x00000006fec00000, 0x00000006fec00000, 0x00000006ff000000|  0%| F|  |TAMS 0x00000006fec00000, 0x00000006fec00000| Untracked 
|1020|0x00000006ff000000, 0x00000006ff000000, 0x00000006ff400000|  0%| F|  |TAMS 0x00000006ff000000, 0x00000006ff000000| Untracked 
|1021|0x00000006ff400000, 0x00000006ff400000, 0x00000006ff800000|  0%| F|  |TAMS 0x00000006ff400000, 0x00000006ff400000| Untracked 
|1022|0x00000006ff800000, 0x00000006ff800000, 0x00000006ffc00000|  0%| F|  |TAMS 0x00000006ff800000, 0x00000006ff800000| Untracked 
|1023|0x00000006ffc00000, 0x00000006ffc00000, 0x0000000700000000|  0%| F|  |TAMS 0x00000006ffc00000, 0x00000006ffc00000| Untracked 
|1024|0x0000000700000000, 0x0000000700000000, 0x0000000700400000|  0%| F|  |TAMS 0x0000000700000000, 0x0000000700000000| Untracked 
|1025|0x0000000700400000, 0x0000000700400000, 0x0000000700800000|  0%| F|  |TAMS 0x0000000700400000, 0x0000000700400000| Untracked 
|1026|0x0000000700800000, 0x0000000700800000, 0x0000000700c00000|  0%| F|  |TAMS 0x0000000700800000, 0x0000000700800000| Untracked 
|1027|0x0000000700c00000, 0x0000000700c00000, 0x0000000701000000|  0%| F|  |TAMS 0x0000000700c00000, 0x0000000700c00000| Untracked 
|1028|0x0000000701000000, 0x0000000701000000, 0x0000000701400000|  0%| F|  |TAMS 0x0000000701000000, 0x0000000701000000| Untracked 
|1029|0x0000000701400000, 0x0000000701400000, 0x0000000701800000|  0%| F|  |TAMS 0x0000000701400000, 0x0000000701400000| Untracked 
|1030|0x0000000701800000, 0x0000000701800000, 0x0000000701c00000|  0%| F|  |TAMS 0x0000000701800000, 0x0000000701800000| Untracked 
|1031|0x0000000701c00000, 0x0000000701c00000, 0x0000000702000000|  0%| F|  |TAMS 0x0000000701c00000, 0x0000000701c00000| Untracked 
|1032|0x0000000702000000, 0x0000000702000000, 0x0000000702400000|  0%| F|  |TAMS 0x0000000702000000, 0x0000000702000000| Untracked 
|1033|0x0000000702400000, 0x0000000702400000, 0x0000000702800000|  0%| F|  |TAMS 0x0000000702400000, 0x0000000702400000| Untracked 
|1034|0x0000000702800000, 0x0000000702800000, 0x0000000702c00000|  0%| F|  |TAMS 0x0000000702800000, 0x0000000702800000| Untracked 
|1035|0x0000000702c00000, 0x0000000702c00000, 0x0000000703000000|  0%| F|  |TAMS 0x0000000702c00000, 0x0000000702c00000| Untracked 
|1036|0x0000000703000000, 0x0000000703000000, 0x0000000703400000|  0%| F|  |TAMS 0x0000000703000000, 0x0000000703000000| Untracked 
|1037|0x0000000703400000, 0x0000000703400000, 0x0000000703800000|  0%| F|  |TAMS 0x0000000703400000, 0x0000000703400000| Untracked 
|1038|0x0000000703800000, 0x0000000703800000, 0x0000000703c00000|  0%| F|  |TAMS 0x0000000703800000, 0x0000000703800000| Untracked 
|1039|0x0000000703c00000, 0x0000000703c00000, 0x0000000704000000|  0%| F|  |TAMS 0x0000000703c00000, 0x0000000703c00000| Untracked 
|1040|0x0000000704000000, 0x0000000704000000, 0x0000000704400000|  0%| F|  |TAMS 0x0000000704000000, 0x0000000704000000| Untracked 
|1041|0x0000000704400000, 0x0000000704400000, 0x0000000704800000|  0%| F|  |TAMS 0x0000000704400000, 0x0000000704400000| Untracked 
|1042|0x0000000704800000, 0x0000000704800000, 0x0000000704c00000|  0%| F|  |TAMS 0x0000000704800000, 0x0000000704800000| Untracked 
|1043|0x0000000704c00000, 0x0000000704c00000, 0x0000000705000000|  0%| F|  |TAMS 0x0000000704c00000, 0x0000000704c00000| Untracked 
|1044|0x0000000705000000, 0x0000000705000000, 0x0000000705400000|  0%| F|  |TAMS 0x0000000705000000, 0x0000000705000000| Untracked 
|1045|0x0000000705400000, 0x0000000705400000, 0x0000000705800000|  0%| F|  |TAMS 0x0000000705400000, 0x0000000705400000| Untracked 
|1046|0x0000000705800000, 0x0000000705800000, 0x0000000705c00000|  0%| F|  |TAMS 0x0000000705800000, 0x0000000705800000| Untracked 
|1047|0x0000000705c00000, 0x0000000705c00000, 0x0000000706000000|  0%| F|  |TAMS 0x0000000705c00000, 0x0000000705c00000| Untracked 
|1048|0x0000000706000000, 0x0000000706000000, 0x0000000706400000|  0%| F|  |TAMS 0x0000000706000000, 0x0000000706000000| Untracked 
|1049|0x0000000706400000, 0x0000000706400000, 0x0000000706800000|  0%| F|  |TAMS 0x0000000706400000, 0x0000000706400000| Untracked 
|1050|0x0000000706800000, 0x0000000706800000, 0x0000000706c00000|  0%| F|  |TAMS 0x0000000706800000, 0x0000000706800000| Untracked 
|1051|0x0000000706c00000, 0x0000000706c00000, 0x0000000707000000|  0%| F|  |TAMS 0x0000000706c00000, 0x0000000706c00000| Untracked 
|1052|0x0000000707000000, 0x0000000707000000, 0x0000000707400000|  0%| F|  |TAMS 0x0000000707000000, 0x0000000707000000| Untracked 
|1053|0x0000000707400000, 0x0000000707400000, 0x0000000707800000|  0%| F|  |TAMS 0x0000000707400000, 0x0000000707400000| Untracked 
|1054|0x0000000707800000, 0x0000000707800000, 0x0000000707c00000|  0%| F|  |TAMS 0x0000000707800000, 0x0000000707800000| Untracked 
|1055|0x0000000707c00000, 0x0000000707c00000, 0x0000000708000000|  0%| F|  |TAMS 0x0000000707c00000, 0x0000000707c00000| Untracked 
|1056|0x0000000708000000, 0x0000000708000000, 0x0000000708400000|  0%| F|  |TAMS 0x0000000708000000, 0x0000000708000000| Untracked 
|1057|0x0000000708400000, 0x0000000708400000, 0x0000000708800000|  0%| F|  |TAMS 0x0000000708400000, 0x0000000708400000| Untracked 
|1058|0x0000000708800000, 0x0000000708800000, 0x0000000708c00000|  0%| F|  |TAMS 0x0000000708800000, 0x0000000708800000| Untracked 
|1059|0x0000000708c00000, 0x0000000708c00000, 0x0000000709000000|  0%| F|  |TAMS 0x0000000708c00000, 0x0000000708c00000| Untracked 
|1060|0x0000000709000000, 0x0000000709000000, 0x0000000709400000|  0%| F|  |TAMS 0x0000000709000000, 0x0000000709000000| Untracked 
|1061|0x0000000709400000, 0x0000000709400000, 0x0000000709800000|  0%| F|  |TAMS 0x0000000709400000, 0x0000000709400000| Untracked 
|1062|0x0000000709800000, 0x0000000709800000, 0x0000000709c00000|  0%| F|  |TAMS 0x0000000709800000, 0x0000000709800000| Untracked 
|1063|0x0000000709c00000, 0x0000000709c00000, 0x000000070a000000|  0%| F|  |TAMS 0x0000000709c00000, 0x0000000709c00000| Untracked 
|1064|0x000000070a000000, 0x000000070a000000, 0x000000070a400000|  0%| F|  |TAMS 0x000000070a000000, 0x000000070a000000| Untracked 
|1065|0x000000070a400000, 0x000000070a400000, 0x000000070a800000|  0%| F|  |TAMS 0x000000070a400000, 0x000000070a400000| Untracked 
|1066|0x000000070a800000, 0x000000070a800000, 0x000000070ac00000|  0%| F|  |TAMS 0x000000070a800000, 0x000000070a800000| Untracked 
|1067|0x000000070ac00000, 0x000000070ac00000, 0x000000070b000000|  0%| F|  |TAMS 0x000000070ac00000, 0x000000070ac00000| Untracked 
|1068|0x000000070b000000, 0x000000070b000000, 0x000000070b400000|  0%| F|  |TAMS 0x000000070b000000, 0x000000070b000000| Untracked 
|1069|0x000000070b400000, 0x000000070b400000, 0x000000070b800000|  0%| F|  |TAMS 0x000000070b400000, 0x000000070b400000| Untracked 
|1070|0x000000070b800000, 0x000000070b800000, 0x000000070bc00000|  0%| F|  |TAMS 0x000000070b800000, 0x000000070b800000| Untracked 
|1071|0x000000070bc00000, 0x000000070bc00000, 0x000000070c000000|  0%| F|  |TAMS 0x000000070bc00000, 0x000000070bc00000| Untracked 
|1072|0x000000070c000000, 0x000000070c000000, 0x000000070c400000|  0%| F|  |TAMS 0x000000070c000000, 0x000000070c000000| Untracked 
|1073|0x000000070c400000, 0x000000070c400000, 0x000000070c800000|  0%| F|  |TAMS 0x000000070c400000, 0x000000070c400000| Untracked 
|1074|0x000000070c800000, 0x000000070c800000, 0x000000070cc00000|  0%| F|  |TAMS 0x000000070c800000, 0x000000070c800000| Untracked 
|1075|0x000000070cc00000, 0x000000070cc00000, 0x000000070d000000|  0%| F|  |TAMS 0x000000070cc00000, 0x000000070cc00000| Untracked 
|1076|0x000000070d000000, 0x000000070d000000, 0x000000070d400000|  0%| F|  |TAMS 0x000000070d000000, 0x000000070d000000| Untracked 
|1077|0x000000070d400000, 0x000000070d400000, 0x000000070d800000|  0%| F|  |TAMS 0x000000070d400000, 0x000000070d400000| Untracked 
|1078|0x000000070d800000, 0x000000070d800000, 0x000000070dc00000|  0%| F|  |TAMS 0x000000070d800000, 0x000000070d800000| Untracked 
|1079|0x000000070dc00000, 0x000000070dc00000, 0x000000070e000000|  0%| F|  |TAMS 0x000000070dc00000, 0x000000070dc00000| Untracked 
|1080|0x000000070e000000, 0x000000070e000000, 0x000000070e400000|  0%| F|  |TAMS 0x000000070e000000, 0x000000070e000000| Untracked 
|1081|0x000000070e400000, 0x000000070e400000, 0x000000070e800000|  0%| F|  |TAMS 0x000000070e400000, 0x000000070e400000| Untracked 
|1082|0x000000070e800000, 0x000000070e800000, 0x000000070ec00000|  0%| F|  |TAMS 0x000000070e800000, 0x000000070e800000| Untracked 
|1083|0x000000070ec00000, 0x000000070ec00000, 0x000000070f000000|  0%| F|  |TAMS 0x000000070ec00000, 0x000000070ec00000| Untracked 
|1084|0x000000070f000000, 0x000000070f000000, 0x000000070f400000|  0%| F|  |TAMS 0x000000070f000000, 0x000000070f000000| Untracked 
|1085|0x000000070f400000, 0x000000070f400000, 0x000000070f800000|  0%| F|  |TAMS 0x000000070f400000, 0x000000070f400000| Untracked 
|1086|0x000000070f800000, 0x000000070f800000, 0x000000070fc00000|  0%| F|  |TAMS 0x000000070f800000, 0x000000070f800000| Untracked 
|1087|0x000000070fc00000, 0x000000070fc00000, 0x0000000710000000|  0%| F|  |TAMS 0x000000070fc00000, 0x000000070fc00000| Untracked 
|1088|0x0000000710000000, 0x0000000710000000, 0x0000000710400000|  0%| F|  |TAMS 0x0000000710000000, 0x0000000710000000| Untracked 
|1089|0x0000000710400000, 0x0000000710400000, 0x0000000710800000|  0%| F|  |TAMS 0x0000000710400000, 0x0000000710400000| Untracked 
|1090|0x0000000710800000, 0x0000000710800000, 0x0000000710c00000|  0%| F|  |TAMS 0x0000000710800000, 0x0000000710800000| Untracked 
|1091|0x0000000710c00000, 0x0000000710c00000, 0x0000000711000000|  0%| F|  |TAMS 0x0000000710c00000, 0x0000000710c00000| Untracked 
|1092|0x0000000711000000, 0x0000000711000000, 0x0000000711400000|  0%| F|  |TAMS 0x0000000711000000, 0x0000000711000000| Untracked 
|1093|0x0000000711400000, 0x0000000711400000, 0x0000000711800000|  0%| F|  |TAMS 0x0000000711400000, 0x0000000711400000| Untracked 
|1094|0x0000000711800000, 0x0000000711800000, 0x0000000711c00000|  0%| F|  |TAMS 0x0000000711800000, 0x0000000711800000| Untracked 
|1095|0x0000000711c00000, 0x0000000711c00000, 0x0000000712000000|  0%| F|  |TAMS 0x0000000711c00000, 0x0000000711c00000| Untracked 
|1096|0x0000000712000000, 0x0000000712000000, 0x0000000712400000|  0%| F|  |TAMS 0x0000000712000000, 0x0000000712000000| Untracked 
|1097|0x0000000712400000, 0x0000000712400000, 0x0000000712800000|  0%| F|  |TAMS 0x0000000712400000, 0x0000000712400000| Untracked 
|1098|0x0000000712800000, 0x0000000712800000, 0x0000000712c00000|  0%| F|  |TAMS 0x0000000712800000, 0x0000000712800000| Untracked 
|1099|0x0000000712c00000, 0x0000000712fbd180, 0x0000000713000000| 93%| S|CS|TAMS 0x0000000712c00000, 0x0000000712c00000| Complete 
|1100|0x0000000713000000, 0x0000000713400000, 0x0000000713400000|100%| S|CS|TAMS 0x0000000713000000, 0x0000000713000000| Complete 
|1101|0x0000000713400000, 0x0000000713800000, 0x0000000713800000|100%| S|CS|TAMS 0x0000000713400000, 0x0000000713400000| Complete 
|1102|0x0000000713800000, 0x0000000713800000, 0x0000000713c00000|  0%| F|  |TAMS 0x0000000713800000, 0x0000000713800000| Untracked 
|1103|0x0000000713c00000, 0x0000000713c00000, 0x0000000714000000|  0%| F|  |TAMS 0x0000000713c00000, 0x0000000713c00000| Untracked 
|1104|0x0000000714000000, 0x0000000714000000, 0x0000000714400000|  0%| F|  |TAMS 0x0000000714000000, 0x0000000714000000| Untracked 
|1105|0x0000000714400000, 0x0000000714400000, 0x0000000714800000|  0%| F|  |TAMS 0x0000000714400000, 0x0000000714400000| Untracked 
|1106|0x0000000714800000, 0x0000000714800000, 0x0000000714c00000|  0%| F|  |TAMS 0x0000000714800000, 0x0000000714800000| Untracked 
|1107|0x0000000714c00000, 0x0000000714c00000, 0x0000000715000000|  0%| F|  |TAMS 0x0000000714c00000, 0x0000000714c00000| Untracked 
|1108|0x0000000715000000, 0x0000000715000000, 0x0000000715400000|  0%| F|  |TAMS 0x0000000715000000, 0x0000000715000000| Untracked 
|1109|0x0000000715400000, 0x0000000715400000, 0x0000000715800000|  0%| F|  |TAMS 0x0000000715400000, 0x0000000715400000| Untracked 
|1110|0x0000000715800000, 0x0000000715800000, 0x0000000715c00000|  0%| F|  |TAMS 0x0000000715800000, 0x0000000715800000| Untracked 
|1111|0x0000000715c00000, 0x0000000715c00000, 0x0000000716000000|  0%| F|  |TAMS 0x0000000715c00000, 0x0000000715c00000| Untracked 
|1112|0x0000000716000000, 0x0000000716000000, 0x0000000716400000|  0%| F|  |TAMS 0x0000000716000000, 0x0000000716000000| Untracked 
|1113|0x0000000716400000, 0x0000000716400000, 0x0000000716800000|  0%| F|  |TAMS 0x0000000716400000, 0x0000000716400000| Untracked 
|1114|0x0000000716800000, 0x0000000716800000, 0x0000000716c00000|  0%| F|  |TAMS 0x0000000716800000, 0x0000000716800000| Untracked 
|1115|0x0000000716c00000, 0x0000000716c00000, 0x0000000717000000|  0%| F|  |TAMS 0x0000000716c00000, 0x0000000716c00000| Untracked 
|1116|0x0000000717000000, 0x0000000717000000, 0x0000000717400000|  0%| F|  |TAMS 0x0000000717000000, 0x0000000717000000| Untracked 
|1117|0x0000000717400000, 0x0000000717400000, 0x0000000717800000|  0%| F|  |TAMS 0x0000000717400000, 0x0000000717400000| Untracked 
|1118|0x0000000717800000, 0x0000000717800000, 0x0000000717c00000|  0%| F|  |TAMS 0x0000000717800000, 0x0000000717800000| Untracked 
|1119|0x0000000717c00000, 0x0000000717c00000, 0x0000000718000000|  0%| F|  |TAMS 0x0000000717c00000, 0x0000000717c00000| Untracked 
|1120|0x0000000718000000, 0x0000000718000000, 0x0000000718400000|  0%| F|  |TAMS 0x0000000718000000, 0x0000000718000000| Untracked 
|1121|0x0000000718400000, 0x0000000718400000, 0x0000000718800000|  0%| F|  |TAMS 0x0000000718400000, 0x0000000718400000| Untracked 
|1122|0x0000000718800000, 0x0000000718800000, 0x0000000718c00000|  0%| F|  |TAMS 0x0000000718800000, 0x0000000718800000| Untracked 
|1123|0x0000000718c00000, 0x0000000718c00000, 0x0000000719000000|  0%| F|  |TAMS 0x0000000718c00000, 0x0000000718c00000| Untracked 
|1124|0x0000000719000000, 0x0000000719000000, 0x0000000719400000|  0%| F|  |TAMS 0x0000000719000000, 0x0000000719000000| Untracked 
|1125|0x0000000719400000, 0x0000000719400000, 0x0000000719800000|  0%| F|  |TAMS 0x0000000719400000, 0x0000000719400000| Untracked 
|1126|0x0000000719800000, 0x0000000719800000, 0x0000000719c00000|  0%| F|  |TAMS 0x0000000719800000, 0x0000000719800000| Untracked 
|1127|0x0000000719c00000, 0x0000000719c00000, 0x000000071a000000|  0%| F|  |TAMS 0x0000000719c00000, 0x0000000719c00000| Untracked 
|1128|0x000000071a000000, 0x000000071a000000, 0x000000071a400000|  0%| F|  |TAMS 0x000000071a000000, 0x000000071a000000| Untracked 
|1129|0x000000071a400000, 0x000000071a400000, 0x000000071a800000|  0%| F|  |TAMS 0x000000071a400000, 0x000000071a400000| Untracked 
|1130|0x000000071a800000, 0x000000071a800000, 0x000000071ac00000|  0%| F|  |TAMS 0x000000071a800000, 0x000000071a800000| Untracked 
|1131|0x000000071ac00000, 0x000000071ac00000, 0x000000071b000000|  0%| F|  |TAMS 0x000000071ac00000, 0x000000071ac00000| Untracked 
|1132|0x000000071b000000, 0x000000071b000000, 0x000000071b400000|  0%| F|  |TAMS 0x000000071b000000, 0x000000071b000000| Untracked 
|1133|0x000000071b400000, 0x000000071b400000, 0x000000071b800000|  0%| F|  |TAMS 0x000000071b400000, 0x000000071b400000| Untracked 
|1134|0x000000071b800000, 0x000000071b800000, 0x000000071bc00000|  0%| F|  |TAMS 0x000000071b800000, 0x000000071b800000| Untracked 
|1135|0x000000071bc00000, 0x000000071bc00000, 0x000000071c000000|  0%| F|  |TAMS 0x000000071bc00000, 0x000000071bc00000| Untracked 
|1136|0x000000071c000000, 0x000000071c000000, 0x000000071c400000|  0%| F|  |TAMS 0x000000071c000000, 0x000000071c000000| Untracked 
|1137|0x000000071c400000, 0x000000071c400000, 0x000000071c800000|  0%| F|  |TAMS 0x000000071c400000, 0x000000071c400000| Untracked 
|1138|0x000000071c800000, 0x000000071c800000, 0x000000071cc00000|  0%| F|  |TAMS 0x000000071c800000, 0x000000071c800000| Untracked 
|1139|0x000000071cc00000, 0x000000071cc00000, 0x000000071d000000|  0%| F|  |TAMS 0x000000071cc00000, 0x000000071cc00000| Untracked 
|1140|0x000000071d000000, 0x000000071d000000, 0x000000071d400000|  0%| F|  |TAMS 0x000000071d000000, 0x000000071d000000| Untracked 
|1141|0x000000071d400000, 0x000000071d400000, 0x000000071d800000|  0%| F|  |TAMS 0x000000071d400000, 0x000000071d400000| Untracked 
|1142|0x000000071d800000, 0x000000071d800000, 0x000000071dc00000|  0%| F|  |TAMS 0x000000071d800000, 0x000000071d800000| Untracked 
|1143|0x000000071dc00000, 0x000000071dc00000, 0x000000071e000000|  0%| F|  |TAMS 0x000000071dc00000, 0x000000071dc00000| Untracked 
|1144|0x000000071e000000, 0x000000071e000000, 0x000000071e400000|  0%| F|  |TAMS 0x000000071e000000, 0x000000071e000000| Untracked 
|1145|0x000000071e400000, 0x000000071e400000, 0x000000071e800000|  0%| F|  |TAMS 0x000000071e400000, 0x000000071e400000| Untracked 

Card table byte_map: [0x000002a351340000,0x000002a352340000] _byte_map_base: 0x000002a34e340000

Marking Bits (Prev, Next): (CMBitMap*) 0x000002a3285ecd40, (CMBitMap*) 0x000002a3285ecd00
 Prev Bits: [0x000002a35b340000, 0x000002a363340000)
 Next Bits: [0x000002a353340000, 0x000002a35b340000)

Polling page: 0x000002a3263a0000

Metaspace:

Usage:
  Non-class:    416.21 MB used.
      Class:     58.34 MB used.
       Both:    474.55 MB used.

Virtual space:
  Non-class space:      448.00 MB reserved,     418.06 MB ( 93%) committed,  7 nodes.
      Class space:        1.00 GB reserved,      60.12 MB (  6%) committed,  1 nodes.
             Both:        1.44 GB reserved,     478.19 MB ( 32%) committed. 

Chunk freelists:
   Non-Class:  13.56 MB
       Class:  3.85 MB
        Both:  17.41 MB

MaxMetaspaceSize: 4.00 GB
CompressedClassSpaceSize: 1.00 GB
Initial GC threshold: 21.00 MB
Current GC threshold: 793.44 MB
CDS: on
MetaspaceReclaimPolicy: balanced
 - commit_granule_bytes: 65536.
 - commit_granule_words: 8192.
 - virtual_space_node_default_size: 8388608.
 - enlarge_chunks_in_place: 1.
 - new_chunks_are_fully_committed: 0.
 - uncommit_free_chunks: 1.
 - use_allocation_guard: 0.
 - handle_deallocations: 1.


Internal statistics:

num_allocs_failed_limit: 237.
num_arena_births: 6632.
num_arena_deaths: 210.
num_vsnodes_births: 8.
num_vsnodes_deaths: 0.
num_space_committed: 7679.
num_space_uncommitted: 38.
num_chunks_returned_to_freelist: 819.
num_chunks_taken_from_freelist: 28090.
num_chunk_merges: 417.
num_chunk_splits: 19241.
num_chunks_enlarged: 12860.
num_inconsistent_stats: 0.

CodeHeap 'non-profiled nmethods': size=259264Kb used=98872Kb max_used=98872Kb free=160391Kb
 bounds [0x000002a3400c0000, 0x000002a346150000, 0x000002a34fdf0000]
CodeHeap 'profiled nmethods': size=259264Kb used=197720Kb max_used=199242Kb free=61543Kb
 bounds [0x000002a32fdf0000, 0x000002a33c0c0000, 0x000002a33fb20000]
CodeHeap 'non-nmethods': size=5760Kb used=2951Kb max_used=3057Kb free=2808Kb
 bounds [0x000002a33fb20000, 0x000002a33fe30000, 0x000002a3400c0000]
 total_blobs=86333 nmethods=84757 adapters=1483
 compilation: enabled
              stopped_count=0, restarted_count=0
 full_count=0

Compilation events (20 events):
Event: 5747.206 Thread 0x000002a3ab018980 nmethod 123235 0x000002a346147910 code [0x000002a346147c40, 0x000002a346147ed8]
Event: 5747.206 Thread 0x000002a3ab018980 123193       4       com.android.tools.r8.internal.xx::b (11 bytes)
Event: 5747.209 Thread 0x000002a3ab018980 nmethod 123193 0x000002a340a1f310 code [0x000002a340a1f4a0, 0x000002a340a1f5d8]
Event: 5747.209 Thread 0x000002a3ab018980 123191       4       com.android.tools.r8.graph.z5$$Lambda$12385/0x000002a369afe8c8::accept (20 bytes)
Event: 5747.212 Thread 0x000002a3ab018980 nmethod 123191 0x000002a346147f90 code [0x000002a346148120, 0x000002a346148248]
Event: 5747.212 Thread 0x000002a3ab018980 123196       4       com.android.tools.r8.internal.i80$$Lambda$4267/0x000002a368ac8850::accept (12 bytes)
Event: 5747.225 Thread 0x000002a3ab018980 nmethod 123196 0x000002a346148390 code [0x000002a346148580, 0x000002a346148c98]
Event: 5747.226 Thread 0x000002a3ab018980 123258       4       com.android.tools.r8.dex.p::a (93 bytes)
Event: 5747.228 Thread 0x000002a3ab018980 nmethod 123258 0x000002a346149310 code [0x000002a3461494a0, 0x000002a346149658]
Event: 5747.228 Thread 0x000002a3ab018980 123256       4       com.android.tools.r8.dex.n0$$Lambda$12359/0x000002a369afa490::apply (15 bytes)
Event: 5747.240 Thread 0x000002a3ab018980 nmethod 123256 0x000002a346149810 code [0x000002a346149a00, 0x000002a34614a108]
Event: 5747.240 Thread 0x000002a3ab018980 123244       4       com.android.tools.r8.internal.zx0::B (17 bytes)
Event: 5747.251 Thread 0x000002a3ab018980 nmethod 123244 0x000002a34614a590 code [0x000002a34614a740, 0x000002a34614ad98]
Event: 5747.251 Thread 0x000002a3ab018980 123257       4       com.android.tools.r8.graph.T2::W0 (1 bytes)
Event: 5747.252 Thread 0x000002a3ab018980 nmethod 123257 0x000002a34614b090 code [0x000002a34614b200, 0x000002a34614b278]
Event: 5747.252 Thread 0x000002a3ab018980 123237       4       com.android.tools.r8.internal.YM::getType (4 bytes)
Event: 5747.252 Thread 0x000002a3ab018980 nmethod 123237 0x000002a34614b390 code [0x000002a34614b500, 0x000002a34614b578]
Event: 5747.256 Thread 0x000002a3ab018980 123259       4       com.android.tools.r8.internal.ta::a (102 bytes)
Event: 5747.312 Thread 0x000002a3ab018980 nmethod 123259 0x000002a34614b690 code [0x000002a34614b980, 0x000002a34614ce40]
Event: 5747.333 Thread 0x000002a3ab018980 123260       4       kotlin.text.StringsKt__StringsKt::endsWith (39 bytes)

GC Heap History (20 events):
Event: 5694.466 GC heap after
{Heap after GC invocations=207 (full 1):
 garbage-first heap   total 4694016K, used 653617K [0x0000000600000000, 0x0000000800000000)
  region size 4096K, 10 young (40960K), 10 survivors (40960K)
 Metaspace       used 485580K, committed 489280K, reserved 1507328K
  class space    used 59705K, committed 61504K, reserved 1048576K
}
Event: 5695.143 GC heap before
{Heap before GC invocations=207 (full 1):
 garbage-first heap   total 4694016K, used 960817K [0x0000000600000000, 0x0000000800000000)
  region size 4096K, 86 young (352256K), 10 survivors (40960K)
 Metaspace       used 485581K, committed 489280K, reserved 1507328K
  class space    used 59705K, committed 61504K, reserved 1048576K
}
Event: 5695.427 GC heap after
{Heap after GC invocations=208 (full 1):
 garbage-first heap   total 4694016K, used 660027K [0x0000000600000000, 0x0000000800000000)
  region size 4096K, 7 young (28672K), 7 survivors (28672K)
 Metaspace       used 485581K, committed 489280K, reserved 1507328K
  class space    used 59705K, committed 61504K, reserved 1048576K
}
Event: 5695.726 GC heap before
{Heap before GC invocations=208 (full 1):
 garbage-first heap   total 4694016K, used 897595K [0x0000000600000000, 0x0000000800000000)
  region size 4096K, 65 young (266240K), 7 survivors (28672K)
 Metaspace       used 485588K, committed 489280K, reserved 1507328K
  class space    used 59707K, committed 61504K, reserved 1048576K
}
Event: 5695.814 GC heap after
{Heap after GC invocations=209 (full 1):
 garbage-first heap   total 4694016K, used 663939K [0x0000000600000000, 0x0000000800000000)
  region size 4096K, 4 young (16384K), 4 survivors (16384K)
 Metaspace       used 485588K, committed 489280K, reserved 1507328K
  class space    used 59707K, committed 61504K, reserved 1048576K
}
Event: 5696.861 GC heap before
{Heap before GC invocations=209 (full 1):
 garbage-first heap   total 4694016K, used 1298819K [0x0000000600000000, 0x0000000800000000)
  region size 4096K, 160 young (655360K), 4 survivors (16384K)
 Metaspace       used 485624K, committed 489344K, reserved 1507328K
  class space    used 59708K, committed 61504K, reserved 1048576K
}
Event: 5696.917 GC heap after
{Heap after GC invocations=210 (full 1):
 garbage-first heap   total 4694016K, used 691598K [0x0000000600000000, 0x0000000800000000)
  region size 4096K, 11 young (45056K), 11 survivors (45056K)
 Metaspace       used 485624K, committed 489344K, reserved 1507328K
  class space    used 59708K, committed 61504K, reserved 1048576K
}
Event: 5697.252 GC heap before
{Heap before GC invocations=210 (full 1):
 garbage-first heap   total 4694016K, used 920974K [0x0000000600000000, 0x0000000800000000)
  region size 4096K, 67 young (274432K), 11 survivors (45056K)
 Metaspace       used 485625K, committed 489344K, reserved 1507328K
  class space    used 59708K, committed 61504K, reserved 1048576K
}
Event: 5697.430 GC heap after
{Heap after GC invocations=211 (full 1):
 garbage-first heap   total 4694016K, used 693141K [0x0000000600000000, 0x0000000800000000)
  region size 4096K, 2 young (8192K), 2 survivors (8192K)
 Metaspace       used 485625K, committed 489344K, reserved 1507328K
  class space    used 59708K, committed 61504K, reserved 1048576K
}
Event: 5700.107 GC heap before
{Heap before GC invocations=211 (full 1):
 garbage-first heap   total 4694016K, used 1631125K [0x0000000600000000, 0x0000000800000000)
  region size 4096K, 231 young (946176K), 2 survivors (8192K)
 Metaspace       used 485730K, committed 489472K, reserved 1507328K
  class space    used 59722K, committed 61568K, reserved 1048576K
}
Event: 5700.157 GC heap after
{Heap after GC invocations=212 (full 1):
 garbage-first heap   total 4694016K, used 701396K [0x0000000600000000, 0x0000000800000000)
  region size 4096K, 4 young (16384K), 4 survivors (16384K)
 Metaspace       used 485730K, committed 489472K, reserved 1507328K
  class space    used 59722K, committed 61568K, reserved 1048576K
}
Event: 5704.221 GC heap before
{Heap before GC invocations=212 (full 1):
 garbage-first heap   total 4694016K, used 1868756K [0x0000000600000000, 0x0000000800000000)
  region size 4096K, 289 young (1183744K), 4 survivors (16384K)
 Metaspace       used 485783K, committed 489536K, reserved 1507328K
  class space    used 59723K, committed 61568K, reserved 1048576K
}
Event: 5704.298 GC heap after
{Heap after GC invocations=213 (full 1):
 garbage-first heap   total 4694016K, used 717543K [0x0000000600000000, 0x0000000800000000)
  region size 4096K, 8 young (32768K), 8 survivors (32768K)
 Metaspace       used 485783K, committed 489536K, reserved 1507328K
  class space    used 59723K, committed 61568K, reserved 1048576K
}
Event: 5719.391 GC heap before
{Heap before GC invocations=213 (full 1):
 garbage-first heap   total 4694016K, used 1872615K [0x0000000600000000, 0x0000000800000000)
  region size 4096K, 290 young (1187840K), 8 survivors (32768K)
 Metaspace       used 485870K, committed 489600K, reserved 1507328K
  class space    used 59731K, committed 61568K, reserved 1048576K
}
Event: 5719.536 GC heap after
{Heap after GC invocations=214 (full 1):
 garbage-first heap   total 4694016K, used 724640K [0x0000000600000000, 0x0000000800000000)
  region size 4096K, 10 young (40960K), 10 survivors (40960K)
 Metaspace       used 485870K, committed 489600K, reserved 1507328K
  class space    used 59731K, committed 61568K, reserved 1048576K
}
Event: 5744.961 GC heap before
{Heap before GC invocations=214 (full 1):
 garbage-first heap   total 4694016K, used 2059936K [0x0000000600000000, 0x0000000800000000)
  region size 4096K, 336 young (1376256K), 10 survivors (40960K)
 Metaspace       used 485918K, committed 489664K, reserved 1507328K
  class space    used 59740K, committed 61568K, reserved 1048576K
}
Event: 5745.058 GC heap after
{Heap after GC invocations=215 (full 1):
 garbage-first heap   total 4694016K, used 780936K [0x0000000600000000, 0x0000000800000000)
  region size 4096K, 24 young (98304K), 24 survivors (98304K)
 Metaspace       used 485918K, committed 489664K, reserved 1507328K
  class space    used 59740K, committed 61568K, reserved 1048576K
}
Event: 5746.060 GC heap before
{Heap before GC invocations=215 (full 1):
 garbage-first heap   total 4694016K, used 1395336K [0x0000000600000000, 0x0000000800000000)
  region size 4096K, 175 young (716800K), 24 survivors (98304K)
 Metaspace       used 485934K, committed 489664K, reserved 1507328K
  class space    used 59740K, committed 61568K, reserved 1048576K
}
Event: 5747.014 GC heap after
{Heap after GC invocations=216 (full 1):
 garbage-first heap   total 4694016K, used 803723K [0x0000000600000000, 0x0000000800000000)
  region size 4096K, 13 young (53248K), 13 survivors (53248K)
 Metaspace       used 485934K, committed 489664K, reserved 1507328K
  class space    used 59740K, committed 61568K, reserved 1048576K
}
Event: 5747.341 GC heap before
{Heap before GC invocations=216 (full 1):
 garbage-first heap   total 4694016K, used 979851K [0x0000000600000000, 0x0000000800000000)
  region size 4096K, 57 young (233472K), 13 survivors (53248K)
 Metaspace       used 485937K, committed 489664K, reserved 1507328K
  class space    used 59740K, committed 61568K, reserved 1048576K
}

Deoptimization events (20 events):
Event: 5747.034 Thread 0x000002a3d1ef7220 DEOPT PACKING pc=0x000002a336ef70b9 sp=0x000000c362ffaca0
Event: 5747.035 Thread 0x000002a3d1ef7220 DEOPT UNPACKING pc=0x000002a33fb72b43 sp=0x000000c362ffa278 mode 0
Event: 5747.103 Thread 0x000002a3daa8a4d0 DEOPT PACKING pc=0x000002a33634bbf5 sp=0x000000c3639fa1b0
Event: 5747.105 Thread 0x000002a3daa8a4d0 DEOPT UNPACKING pc=0x000002a33fb72b43 sp=0x000000c3639f9740 mode 0
Event: 5747.112 Thread 0x000002a3daa8a4d0 Uncommon trap: trap_request=0xffffffbe fr.pc=0x000002a34613e9f8 relative=0x0000000000000c18
Event: 5747.112 Thread 0x000002a3daa8a4d0 Uncommon trap: reason=profile_predicate action=maybe_recompile pc=0x000002a34613e9f8 method=com.android.tools.r8.internal.O6.a([Ljava/lang/String;)[B @ 110 c2
Event: 5747.112 Thread 0x000002a3daa8a4d0 DEOPT PACKING pc=0x000002a34613e9f8 sp=0x000000c3639fa290
Event: 5747.113 Thread 0x000002a3daa8a4d0 DEOPT UNPACKING pc=0x000002a33fb723a3 sp=0x000000c3639fa240 mode 2
Event: 5747.114 Thread 0x000002a3daa8a4d0 Uncommon trap: trap_request=0xffffffbe fr.pc=0x000002a34613e9f8 relative=0x0000000000000c18
Event: 5747.114 Thread 0x000002a3daa8a4d0 Uncommon trap: reason=profile_predicate action=maybe_recompile pc=0x000002a34613e9f8 method=com.android.tools.r8.internal.O6.a([Ljava/lang/String;)[B @ 110 c2
Event: 5747.114 Thread 0x000002a3daa8a4d0 DEOPT PACKING pc=0x000002a34613e9f8 sp=0x000000c3639fa290
Event: 5747.114 Thread 0x000002a3daa8a4d0 DEOPT UNPACKING pc=0x000002a33fb723a3 sp=0x000000c3639fa240 mode 2
Event: 5747.115 Thread 0x000002a3daa8a4d0 Uncommon trap: trap_request=0xffffffbe fr.pc=0x000002a34613e9f8 relative=0x0000000000000c18
Event: 5747.115 Thread 0x000002a3daa8a4d0 Uncommon trap: reason=profile_predicate action=maybe_recompile pc=0x000002a34613e9f8 method=com.android.tools.r8.internal.O6.a([Ljava/lang/String;)[B @ 110 c2
Event: 5747.115 Thread 0x000002a3daa8a4d0 DEOPT PACKING pc=0x000002a34613e9f8 sp=0x000000c3639fa290
Event: 5747.115 Thread 0x000002a3daa8a4d0 DEOPT UNPACKING pc=0x000002a33fb723a3 sp=0x000000c3639fa240 mode 2
Event: 5747.115 Thread 0x000002a3daa8a4d0 Uncommon trap: trap_request=0xffffffbe fr.pc=0x000002a34613e9f8 relative=0x0000000000000c18
Event: 5747.115 Thread 0x000002a3daa8a4d0 Uncommon trap: reason=profile_predicate action=maybe_recompile pc=0x000002a34613e9f8 method=com.android.tools.r8.internal.O6.a([Ljava/lang/String;)[B @ 110 c2
Event: 5747.115 Thread 0x000002a3daa8a4d0 DEOPT PACKING pc=0x000002a34613e9f8 sp=0x000000c3639fa290
Event: 5747.115 Thread 0x000002a3daa8a4d0 DEOPT UNPACKING pc=0x000002a33fb723a3 sp=0x000000c3639fa240 mode 2

Classes unloaded (20 events):
Event: 5488.980 Thread 0x000002a3657541f0 Unloading class 0x000002a36ab53890 'jdk/internal/jimage/BasicImageReader'
Event: 5488.980 Thread 0x000002a3657541f0 Unloading class 0x000002a36ab53670 'jdk/internal/jimage/ImageReader'
Event: 5488.980 Thread 0x000002a3657541f0 Unloading class 0x000002a36ab53448 'jdk/internal/jrtfs/SystemImage$2'
Event: 5488.980 Thread 0x000002a3657541f0 Unloading class 0x000002a36ab53230 'jdk/internal/jrtfs/SystemImage$$Lambda$16263+0x000002a36ab53230'
Event: 5488.980 Thread 0x000002a3657541f0 Unloading class 0x000002a36ab53000 'jdk/internal/jrtfs/ExplodedImage'
Event: 5488.980 Thread 0x000002a3657541f0 Unloading class 0x000002a36ab52dc8 'jdk/internal/jrtfs/SystemImage$1'
Event: 5488.980 Thread 0x000002a3657541f0 Unloading class 0x000002a36ab52bb0 'jdk/internal/jrtfs/SystemImage'
Event: 5488.980 Thread 0x000002a3657541f0 Unloading class 0x000002a36ab52950 'jdk/internal/jrtfs/JrtFileStore'
Event: 5488.980 Thread 0x000002a3657541f0 Unloading class 0x000002a36ab525d8 'jdk/internal/jrtfs/JrtPath'
Event: 5488.980 Thread 0x000002a3657541f0 Unloading class 0x000002a36ab522e0 'jdk/internal/jrtfs/JrtFileSystem'
Event: 5488.980 Thread 0x000002a3657541f0 Unloading class 0x000002a36ab52000 'jdk/internal/jrtfs/JrtFileSystemProvider'
Event: 5488.982 Thread 0x000002a3657541f0 Unloading class 0x000002a36a828400 'java/lang/invoke/LambdaForm$DMH+0x000002a36a828400'
Event: 5488.986 Thread 0x000002a3657541f0 Unloading class 0x000002a36a2cca00 'androidx/activity/lint/ActivityResultFragmentVersionDetector$createUastHandler$1'
Event: 5488.987 Thread 0x000002a3657541f0 Unloading class 0x000002a36a2cc800 'androidx/activity/lint/ActivityResultFragmentVersionDetector$Companion'
Event: 5488.988 Thread 0x000002a3657541f0 Unloading class 0x000002a36a2c9a60 'androidx/activity/lint/ActivityResultFragmentVersionDetector'
Event: 5488.989 Thread 0x000002a3657541f0 Unloading class 0x000002a36a2c9800 'androidx/activity/lint/ActivityIssueRegistry'
Event: 5488.992 Thread 0x000002a3657541f0 Unloading class 0x000002a36a250a00 'androidx/lifecycle/lint/NonNullableMutableLiveDataDetector$createUastHandler$1'
Event: 5488.994 Thread 0x000002a3657541f0 Unloading class 0x000002a36a250800 'androidx/lifecycle/lint/NonNullableMutableLiveDataDetector$Companion'
Event: 5488.994 Thread 0x000002a3657541f0 Unloading class 0x000002a36a24e260 'androidx/lifecycle/lint/NonNullableMutableLiveDataDetector'
Event: 5488.995 Thread 0x000002a3657541f0 Unloading class 0x000002a36a24e000 'androidx/lifecycle/lint/LiveDataCoreIssueRegistry'

Classes redefined (0 events):
No events

Internal exceptions (20 events):
Event: 5745.329 Thread 0x000002a3daa8a4d0 Exception <a 'sun/nio/fs/WindowsException'{0x000000071212b340}> (0x000000071212b340) 
thrown [s\open\src\hotspot\share\prims\jni.cpp, line 516]
Event: 5745.436 Thread 0x000002a3d2ef4ea0 Exception <a 'sun/nio/fs/WindowsException'{0x000000070b3b8e50}> (0x000000070b3b8e50) 
thrown [s\open\src\hotspot\share\prims\jni.cpp, line 516]
Event: 5745.489 Thread 0x000002a3d1ef7730 Exception <a 'sun/nio/fs/WindowsException'{0x0000000708e1a030}> (0x0000000708e1a030) 
thrown [s\open\src\hotspot\share\prims\jni.cpp, line 516]
Event: 5745.592 Thread 0x000002a3d04f2100 Exception <a 'sun/nio/fs/WindowsException'{0x00000007051e9338}> (0x00000007051e9338) 
thrown [s\open\src\hotspot\share\prims\jni.cpp, line 516]
Event: 5745.677 Thread 0x000002a3d2ef4ea0 Exception <a 'sun/nio/fs/WindowsException'{0x00000007033f2c70}> (0x00000007033f2c70) 
thrown [s\open\src\hotspot\share\prims\jni.cpp, line 516]
Event: 5745.710 Thread 0x000002a3d2ef4ea0 Exception <a 'sun/nio/fs/WindowsException'{0x0000000701b9d8f0}> (0x0000000701b9d8f0) 
thrown [s\open\src\hotspot\share\prims\jni.cpp, line 516]
Event: 5745.722 Thread 0x000002a3d1ef7730 Exception <a 'sun/nio/fs/WindowsException'{0x00000007017c1ed0}> (0x00000007017c1ed0) 
thrown [s\open\src\hotspot\share\prims\jni.cpp, line 516]
Event: 5745.723 Thread 0x000002a3daa8a4d0 Exception <a 'sun/nio/fs/WindowsException'{0x00000007013eae68}> (0x00000007013eae68) 
thrown [s\open\src\hotspot\share\prims\jni.cpp, line 516]
Event: 5745.899 Thread 0x000002a3d04f2100 Exception <a 'sun/nio/fs/WindowsException'{0x00000006fc6fe438}> (0x00000006fc6fe438) 
thrown [s\open\src\hotspot\share\prims\jni.cpp, line 516]
Event: 5745.912 Thread 0x000002a3d1ef7730 Exception <a 'sun/nio/fs/WindowsException'{0x00000006fbc20aa8}> (0x00000006fbc20aa8) 
thrown [s\open\src\hotspot\share\prims\jni.cpp, line 516]
Event: 5745.989 Thread 0x000002a3d2ef4ea0 Exception <a 'sun/nio/fs/WindowsException'{0x00000006fa9450e0}> (0x00000006fa9450e0) 
thrown [s\open\src\hotspot\share\prims\jni.cpp, line 516]
Event: 5747.043 Thread 0x000002a3daa8a4d0 Exception <a 'sun/nio/fs/WindowsException'{0x000000071c492fb0}> (0x000000071c492fb0) 
thrown [s\open\src\hotspot\share\prims\jni.cpp, line 516]
Event: 5747.066 Thread 0x000002a3d1ef7220 Exception <a 'sun/nio/fs/WindowsException'{0x000000071bf3ef80}> (0x000000071bf3ef80) 
thrown [s\open\src\hotspot\share\prims\jni.cpp, line 516]
Event: 5747.101 Thread 0x000002a3d04f2100 Exception <a 'sun/nio/fs/WindowsException'{0x000000071b220938}> (0x000000071b220938) 
thrown [s\open\src\hotspot\share\prims\jni.cpp, line 516]
Event: 5747.126 Thread 0x000002a3d1ef7730 Exception <a 'sun/nio/fs/WindowsException'{0x0000000718a15ce0}> (0x0000000718a15ce0) 
thrown [s\open\src\hotspot\share\prims\jni.cpp, line 516]
Event: 5747.170 Thread 0x000002a3d04f2100 Exception <a 'sun/nio/fs/WindowsException'{0x00000007179db260}> (0x00000007179db260) 
thrown [s\open\src\hotspot\share\prims\jni.cpp, line 516]
Event: 5747.185 Thread 0x000002a3d2ef4ea0 Exception <a 'sun/nio/fs/WindowsException'{0x0000000717756ec8}> (0x0000000717756ec8) 
thrown [s\open\src\hotspot\share\prims\jni.cpp, line 516]
Event: 5747.188 Thread 0x000002a3d1ef7730 Exception <a 'sun/nio/fs/WindowsException'{0x0000000717143438}> (0x0000000717143438) 
thrown [s\open\src\hotspot\share\prims\jni.cpp, line 516]
Event: 5747.246 Thread 0x000002a3daa8a4d0 Exception <a 'sun/nio/fs/WindowsException'{0x0000000716137630}> (0x0000000716137630) 
thrown [s\open\src\hotspot\share\prims\jni.cpp, line 516]
Event: 5747.317 Thread 0x000002a3d1ef7220 Exception <a 'sun/nio/fs/WindowsException'{0x00000007143e44c8}> (0x00000007143e44c8) 
thrown [s\open\src\hotspot\share\prims\jni.cpp, line 516]

VM Operations (20 events):
Event: 5721.649 Executing VM operation: Cleanup done
Event: 5723.649 Executing VM operation: Cleanup
Event: 5723.649 Executing VM operation: Cleanup done
Event: 5724.649 Executing VM operation: Cleanup
Event: 5724.660 Executing VM operation: Cleanup done
Event: 5741.668 Executing VM operation: Cleanup
Event: 5741.670 Executing VM operation: Cleanup done
Event: 5742.619 Executing VM operation: HandshakeAllThreads
Event: 5742.624 Executing VM operation: HandshakeAllThreads done
Event: 5743.624 Executing VM operation: Cleanup
Event: 5743.627 Executing VM operation: Cleanup done
Event: 5744.628 Executing VM operation: Cleanup
Event: 5744.636 Executing VM operation: Cleanup done
Event: 5744.958 Executing VM operation: G1CollectForAllocation
Event: 5745.058 Executing VM operation: G1CollectForAllocation done
Event: 5746.058 Executing VM operation: G1CollectForAllocation
Event: 5747.016 Executing VM operation: G1CollectForAllocation done
Event: 5747.040 Executing VM operation: HandshakeAllThreads
Event: 5747.054 Executing VM operation: HandshakeAllThreads done
Event: 5747.335 Executing VM operation: G1CollectForAllocation

Events (20 events):
Event: 5747.209 Thread 0x000002a3ab023490 flushing nmethod 0x000002a333f47590
Event: 5747.210 Thread 0x000002a3ab023490 flushing nmethod 0x000002a333f48290
Event: 5747.216 Thread 0x000002a3ab023490 flushing nmethod 0x000002a334264990
Event: 5747.217 Thread 0x000002a3ab023490 flushing nmethod 0x000002a3342c0010
Event: 5747.233 Thread 0x000002a3ab023490 flushing nmethod 0x000002a334db2c10
Event: 5747.242 Thread 0x000002a3ab023490 flushing nmethod 0x000002a335197310
Event: 5747.242 Thread 0x000002a3ab023490 flushing nmethod 0x000002a3351ffd90
Event: 5747.244 Thread 0x000002a3ab023490 flushing nmethod 0x000002a33533e710
Event: 5747.267 Thread 0x000002a3ab023490 flushing nmethod 0x000002a33602d490
Event: 5747.273 Thread 0x000002a3ab023490 flushing nmethod 0x000002a336256b10
Event: 5747.283 Thread 0x000002a3ab023490 flushing nmethod 0x000002a3363ed210
Event: 5747.283 Thread 0x000002a3ab023490 flushing nmethod 0x000002a33643b510
Event: 5747.287 Thread 0x000002a3ab023490 flushing nmethod 0x000002a336783b10
Event: 5747.290 Thread 0x000002a3ab023490 flushing nmethod 0x000002a336930190
Event: 5747.292 Thread 0x000002a3ab023490 flushing nmethod 0x000002a336b2f310
Event: 5747.293 Thread 0x000002a3ab023490 flushing nmethod 0x000002a336bdd090
Event: 5747.294 Thread 0x000002a3ab023490 flushing nmethod 0x000002a336c80b10
Event: 5747.299 Thread 0x000002a3ab023490 flushing nmethod 0x000002a336e59590
Event: 5747.317 Thread 0x000002a3ab023490 flushing nmethod 0x000002a3370f4c90
Event: 5747.320 Thread 0x000002a3ab023490 flushing nmethod 0x000002a337226e90


Dynamic libraries:
0x00007ff635c20000 - 0x00007ff635c30000 	C:\Program Files\Java\jdk-17\bin\java.exe
0x00007ff8b50c0000 - 0x00007ff8b5327000 	C:\WINDOWS\SYSTEM32\ntdll.dll
0x00007ff8b3450000 - 0x00007ff8b351b000 	C:\WINDOWS\System32\KERNEL32.DLL
0x00007ff8b2840000 - 0x00007ff8b2c42000 	C:\WINDOWS\System32\KERNELBASE.dll
0x00007ff8b2400000 - 0x00007ff8b254c000 	C:\WINDOWS\System32\ucrtbase.dll
0x00007ff898020000 - 0x00007ff898039000 	C:\Program Files\Java\jdk-17\bin\jli.dll
0x00007ff8b3070000 - 0x00007ff8b312c000 	C:\WINDOWS\System32\ADVAPI32.dll
0x00007ff898000000 - 0x00007ff89801b000 	C:\Program Files\Java\jdk-17\bin\VCRUNTIME140.dll
0x00007ff8b2ef0000 - 0x00007ff8b2f99000 	C:\WINDOWS\System32\msvcrt.dll
0x00007ff8b3260000 - 0x00007ff8b3309000 	C:\WINDOWS\System32\sechost.dll
0x00007ff8b3140000 - 0x00007ff8b3258000 	C:\WINDOWS\System32\RPCRT4.dll
0x00007ff8b4c70000 - 0x00007ff8b4e3f000 	C:\WINDOWS\System32\USER32.dll
0x00007ff89ad30000 - 0x00007ff89afc0000 	C:\WINDOWS\WinSxS\amd64_microsoft.windows.common-controls_6595b64144ccf1df_6.0.26100.9278_none_3e0d1ba8e3303201\COMCTL32.dll
0x00007ff8b2560000 - 0x00007ff8b2587000 	C:\WINDOWS\System32\win32u.dll
0x00007ff8b4c40000 - 0x00007ff8b4c6b000 	C:\WINDOWS\System32\GDI32.dll
0x00007ff8b2650000 - 0x00007ff8b2779000 	C:\WINDOWS\System32\gdi32full.dll
0x00007ff8b22c0000 - 0x00007ff8b2363000 	C:\WINDOWS\System32\msvcp_win.dll
0x00007ff89e710000 - 0x00007ff89e71b000 	C:\WINDOWS\SYSTEM32\VERSION.dll
0x00007ff8b3390000 - 0x00007ff8b33c1000 	C:\WINDOWS\System32\IMM32.DLL
0x00007ff8ab8c0000 - 0x00007ff8ab8cc000 	C:\Program Files\Java\jdk-17\bin\vcruntime140_1.dll
0x00007ff859720000 - 0x00007ff8597ae000 	C:\Program Files\Java\jdk-17\bin\msvcp140.dll
0x00007ff834ee0000 - 0x00007ff835ac0000 	C:\Program Files\Java\jdk-17\bin\server\jvm.dll
0x00007ff8b2fa0000 - 0x00007ff8b2fa8000 	C:\WINDOWS\System32\PSAPI.DLL
0x00007ff8abe50000 - 0x00007ff8abe5a000 	C:\WINDOWS\SYSTEM32\WSOCK32.dll
0x00007ff8a8870000 - 0x00007ff8a88a6000 	C:\WINDOWS\SYSTEM32\WINMM.dll
0x00007ff8b4a00000 - 0x00007ff8b4a80000 	C:\WINDOWS\System32\WS2_32.dll
0x00007ff8b0f50000 - 0x00007ff8b0f6b000 	C:\WINDOWS\SYSTEM32\kernel.appcore.dll
0x00007ff8ab880000 - 0x00007ff8ab88a000 	C:\Program Files\Java\jdk-17\bin\jimage.dll
0x00007ff8af8f0000 - 0x00007ff8afb3c000 	C:\WINDOWS\SYSTEM32\DBGHELP.DLL
0x00007ff8b3520000 - 0x00007ff8b38a5000 	C:\WINDOWS\System32\combase.dll
0x00007ff8b2e10000 - 0x00007ff8b2ee9000 	C:\WINDOWS\System32\OLEAUT32.dll
0x00007ff85f300000 - 0x00007ff85f33b000 	C:\WINDOWS\SYSTEM32\dbgcore.DLL
0x00007ff8b2590000 - 0x00007ff8b263c000 	C:\WINDOWS\System32\bcryptPrimitives.dll
0x00007ff8944a0000 - 0x00007ff8944ae000 	C:\Program Files\Java\jdk-17\bin\instrument.dll
0x00007ff891d00000 - 0x00007ff891d25000 	C:\Program Files\Java\jdk-17\bin\java.dll
0x00007ff856810000 - 0x00007ff8568e7000 	C:\Program Files\Java\jdk-17\bin\jsvml.dll
0x00007ff8b38b0000 - 0x00007ff8b4048000 	C:\WINDOWS\System32\SHELL32.dll
0x00007ff8afd00000 - 0x00007ff8b05ae000 	C:\WINDOWS\SYSTEM32\windows.storage.dll
0x00007ff8b4050000 - 0x00007ff8b414b000 	C:\WINDOWS\System32\SHCORE.dll
0x00007ff8b5010000 - 0x00007ff8b5076000 	C:\WINDOWS\System32\shlwapi.dll
0x00007ff8b21e0000 - 0x00007ff8b2209000 	C:\WINDOWS\SYSTEM32\profapi.dll
0x00007ff889fd0000 - 0x00007ff889fe8000 	C:\Program Files\Java\jdk-17\bin\zip.dll
0x00007ff894520000 - 0x00007ff894539000 	C:\Program Files\Java\jdk-17\bin\net.dll
0x00007ff8aa610000 - 0x00007ff8aa73a000 	C:\WINDOWS\SYSTEM32\WINHTTP.dll
0x00007ff8b1530000 - 0x00007ff8b159c000 	C:\WINDOWS\system32\mswsock.dll
0x00007ff889ff0000 - 0x00007ff88a006000 	C:\Program Files\Java\jdk-17\bin\nio.dll
0x00007ff89b0b0000 - 0x00007ff89b0c0000 	C:\Program Files\Java\jdk-17\bin\verify.dll
0x00007ff888080000 - 0x00007ff8880a7000 	C:\Users\praka\.gradle\native\1def1411415f61bf3af743bc5b6707747c0891f09f0c88961ee8f79bc544acac\windows-amd64\native-platform.dll
0x00007ff85f8b0000 - 0x00007ff85f928000 	C:\Users\praka\.gradle\native\0.2.7\x86_64-windows-gnu\gradle-fileevents.dll
0x00007ff895250000 - 0x00007ff89525a000 	C:\Program Files\Java\jdk-17\bin\management.dll
0x00007ff894d20000 - 0x00007ff894d2b000 	C:\Program Files\Java\jdk-17\bin\management_ext.dll
0x00007ff8b0900000 - 0x00007ff8b0933000 	C:\WINDOWS\SYSTEM32\IPHLPAPI.DLL
0x00007ff8b4a90000 - 0x00007ff8b4a9a000 	C:\WINDOWS\System32\NSI.dll
0x00007ff8aa7c0000 - 0x00007ff8aa7dd000 	C:\WINDOWS\SYSTEM32\dhcpcsvc6.DLL
0x00007ff8aa1a0000 - 0x00007ff8aa1c5000 	C:\WINDOWS\SYSTEM32\dhcpcsvc.DLL
0x00007ff8b0940000 - 0x00007ff8b0a98000 	C:\WINDOWS\SYSTEM32\DNSAPI.dll
0x00007ff8b1300000 - 0x00007ff8b130d000 	C:\WINDOWS\SYSTEM32\DSPARSE.dll
0x00007ff8b1840000 - 0x00007ff8b185b000 	C:\WINDOWS\SYSTEM32\CRYPTSP.dll
0x00007ff8b0eb0000 - 0x00007ff8b0ee9000 	C:\WINDOWS\system32\rsaenh.dll
0x00007ff8b1600000 - 0x00007ff8b1634000 	C:\WINDOWS\SYSTEM32\USERENV.dll
0x00007ff8b21b0000 - 0x00007ff8b21da000 	C:\WINDOWS\SYSTEM32\bcrypt.dll
0x00007ff8b1860000 - 0x00007ff8b186c000 	C:\WINDOWS\SYSTEM32\CRYPTBASE.dll
0x00007ff892610000 - 0x00007ff89261e000 	C:\Program Files\Java\jdk-17\bin\sunmscapi.dll
0x00007ff8b2c50000 - 0x00007ff8b2dce000 	C:\WINDOWS\System32\CRYPT32.dll
0x00007ff8b1a80000 - 0x00007ff8b1ab0000 	C:\WINDOWS\SYSTEM32\ncrypt.dll
0x00007ff8b1a30000 - 0x00007ff8b1a6f000 	C:\WINDOWS\SYSTEM32\NTASN1.dll
0x00007ff89edd0000 - 0x00007ff89edd8000 	C:\WINDOWS\system32\wshunix.dll
0x00007ff8ac000000 - 0x00007ff8ac018000 	C:\WINDOWS\system32\napinsp.dll
0x00007ff8ab9a0000 - 0x00007ff8ab9b3000 	C:\WINDOWS\System32\winrnr.dll
0x00007ff8879d0000 - 0x00007ff8879e6000 	C:\WINDOWS\system32\wshbth.dll
0x00007ff885f70000 - 0x00007ff885f97000 	C:\WINDOWS\system32\nlansp_c.dll
0x00007ff8a1bc0000 - 0x00007ff8a1bcb000 	C:\Windows\System32\rasadhlp.dll
0x00007ff8a8180000 - 0x00007ff8a8206000 	C:\WINDOWS\System32\fwpuclnt.dll
0x00007ff8a0df0000 - 0x00007ff8a0df7000 	C:\Program Files\Java\jdk-17\bin\rmi.dll
0x00007ff8ae940000 - 0x00007ff8ae9df000 	C:\WINDOWS\system32\apphelp.dll
0x00007ff8562c0000 - 0x00007ff856451000 	C:\Program Files\Java\jdk-17\bin\awt.dll
0x00007ff8aee60000 - 0x00007ff8aef08000 	C:\WINDOWS\system32\uxtheme.dll
0x00007ff8b41a0000 - 0x00007ff8b42fb000 	C:\WINDOWS\System32\MSCTF.dll
0x00007ff8b4aa0000 - 0x00007ff8b4c3a000 	C:\WINDOWS\System32\ole32.dll
0x00007ff8b1090000 - 0x00007ff8b10c6000 	C:\WINDOWS\SYSTEM32\ntmarta.dll

dbghelp: loaded successfully - version: 4.0.5 - missing functions: none
symbol engine: initialized successfully - sym options: 0x614 - pdb path: .;C:\Program Files\Java\jdk-17\bin;C:\WINDOWS\SYSTEM32;C:\WINDOWS\WinSxS\amd64_microsoft.windows.common-controls_6595b64144ccf1df_6.0.26100.9278_none_3e0d1ba8e3303201;C:\Program Files\Java\jdk-17\bin\server;C:\Users\praka\.gradle\native\1def1411415f61bf3af743bc5b6707747c0891f09f0c88961ee8f79bc544acac\windows-amd64;C:\Users\praka\.gradle\native\0.2.7\x86_64-windows-gnu

VM Arguments:
jvm_args: --add-opens=java.base/java.lang=ALL-UNNAMED --add-opens=java.base/java.lang.invoke=ALL-UNNAMED --add-opens=java.base/java.util=ALL-UNNAMED --add-opens=java.prefs/java.util.prefs=ALL-UNNAMED --add-exports=jdk.compiler/com.sun.tools.javac.api=ALL-UNNAMED --add-exports=jdk.compiler/com.sun.tools.javac.util=ALL-UNNAMED --add-opens=java.base/java.util=ALL-UNNAMED --add-opens=java.prefs/java.util.prefs=ALL-UNNAMED --add-opens=java.base/java.nio.charset=ALL-UNNAMED --add-opens=java.base/java.net=ALL-UNNAMED --add-opens=java.base/java.util.concurrent.atomic=ALL-UNNAMED --add-opens=java.xml/javax.xml.namespace=ALL-UNNAMED -XX:MaxMetaspaceSize=4G -XX:ReservedCodeCacheSize=512m -XX:+HeapDumpOnOutOfMemoryError -Xmx8G -Dfile.encoding=windows-1252 -Duser.country=IN -Duser.language=en -Duser.variant -javaagent:C:\Users\praka\.gradle\wrapper\dists\gradle-8.14-all\c2qonpi39x1mddn7hk5gh9iqj\gradle-8.14\lib\agents\gradle-instrumentation-agent-8.14.jar 
java_command: org.gradle.launcher.daemon.bootstrap.GradleDaemon 8.14
java_class_path (initial): C:\Users\praka\.gradle\wrapper\dists\gradle-8.14-all\c2qonpi39x1mddn7hk5gh9iqj\gradle-8.14\lib\gradle-daemon-main-8.14.jar
Launcher Type: SUN_STANDARD

[Global flags]
     intx CICompilerCount                          = 4                                         {product} {ergonomic}
     uint ConcGCThreads                            = 2                                         {product} {ergonomic}
     uint G1ConcRefinementThreads                  = 8                                         {product} {ergonomic}
   size_t G1HeapRegionSize                         = 4194304                                   {product} {ergonomic}
    uintx GCDrainStackTargetSize                   = 64                                        {product} {ergonomic}
     bool HeapDumpOnOutOfMemoryError               = true                                   {manageable} {command line}
   size_t InitialHeapSize                          = 130023424                                 {product} {ergonomic}
   size_t MarkStackSize                            = 4194304                                   {product} {ergonomic}
   size_t MaxHeapSize                              = 8589934592                                {product} {command line}
   size_t MaxMetaspaceSize                         = 4294967296                                {product} {command line}
   size_t MaxNewSize                               = 5150605312                                {product} {ergonomic}
   size_t MinHeapDeltaBytes                        = 4194304                                   {product} {ergonomic}
   size_t MinHeapSize                              = 8388608                                   {product} {ergonomic}
    uintx NonNMethodCodeHeapSize                   = 5839372                                {pd product} {ergonomic}
    uintx NonProfiledCodeHeapSize                  = 265515770                              {pd product} {ergonomic}
    uintx ProfiledCodeHeapSize                     = 265515770                              {pd product} {ergonomic}
    uintx ReservedCodeCacheSize                    = 536870912                              {pd product} {command line}
     bool SegmentedCodeCache                       = true                                      {product} {ergonomic}
   size_t SoftMaxHeapSize                          = 8589934592                             {manageable} {ergonomic}
   double SweeperThreshold                         = 0.234375                                  {product} {ergonomic}
     bool UseCompressedClassPointers               = true                           {product lp64_product} {ergonomic}
     bool UseCompressedOops                        = true                           {product lp64_product} {ergonomic}
     bool UseG1GC                                  = true                                      {product} {ergonomic}
     bool UseLargePagesIndividualAllocation        = false                                  {pd product} {ergonomic}

Logging:
Log output configuration:
 #0: stdout all=warning uptime,level,tags
 #1: stderr all=off uptime,level,tags

Environment Variables:
CLASSPATH=C:\Projects\Weekend\android\\gradle\wrapper\gradle-wrapper.jar
PATH=C:\Program Files\Common Files\Oracle\Java\javapath;C:\Program Files\Common Files\Oracle\Java\javapath;C:\WINDOWS\system32;C:\WINDOWS;C:\WINDOWS\System32\Wbem;C:\WINDOWS\System32\WindowsPowerShell\v1.0\;C:\WINDOWS\System32\OpenSSH\;C:\Users\Administrator\AppData\Local\Microsoft\WindowsApps;C:\Recovery\OEM\Backup\;C:\Recovery\OEM\Backup;C:\Program Files\nodejs\;C:\Flutter\bin;C:\Program Files\Java\jdk-17\bin;C:\Program Files\GitHub CLI\;C:\Program Files\Go\bin;C:\Program Files\Git\cmd;C:\Users\praka\AppData\Local\Programs\Python\Python312\Scripts\;C:\Users\praka\AppData\Local\Programs\Python\Python312\;C:\Users\praka\AppData\Local\Programs\Python\Launcher\;c:\Users\praka\AppData\Local\Programs\cursor\resources\app\codeBin;C:\Users\praka\AppData\Local\hermes\hermes-agent\venv\Scripts;C:\Users\praka\AppData\Local\hermes\bin;C:\Users\praka\.cargo\bin;C:\Users\praka\.local\bin;C:\Users\praka\AppData\Local\Microsoft\WindowsApps;C:\Users\praka\AppData\Local\Programs\Ollama;C:\Users\praka\AppData\Roaming\npm;C:\Users\praka\AppData\Local\Programs\Microsoft VS Code\bin;C:\Users\praka\AppData\Local\Programs\Antigravity\bin;C:\Flutter\bin;C:\Users\praka\AppData\Local\Pub\Cache\bin;C:\Program Files\Java\jdk-17\bin;C:\Users\praka\AppData\Local\Programs\Antigravity IDE\bin;C:\Users\praka\.lmstudio\bin;C:\Users\praka\AppData\Local\Microsoft\WinGet\Links;C:\Users\praka\AppData\Local\Microsoft\WinGet\Packages\ggml.llamacpp_Microsoft.Winget.Source_8wekyb3d8bbwe;C:\Users\praka\.dotnet\tools;C:\Users\praka\AppData\Local\GitHubCopilotCLI\;C:\Users\praka\go\bin;C:\Flutter\bin\mingit\cmd
USERNAME=praka
OS=Windows_NT
PROCESSOR_IDENTIFIER=Intel64 Family 6 Model 154 Stepping 4, GenuineIntel



---------------  S Y S T E M  ---------------

OS:
 Windows 11 , 64 bit Build 26100 (10.0.26100.9444)
OS uptime: 0 days 16:09 hours
Hyper-V role detected

CPU: total 8 (initial active 8) (4 cores per cpu, 2 threads per core) family 6 model 154 stepping 4 microcode 0x41d, cx8, cmov, fxsr, ht, mmx, 3dnowpref, sse, sse2, sse3, ssse3, sse4.1, sse4.2, popcnt, lzcnt, tsc, tscinvbit, avx, avx2, aes, erms, clmul, bmi1, bmi2, adx, sha, fma, vzeroupper, clflush, clflushopt, clwb, hv

Memory: 4k page, system-wide physical 7934M (466M free)
TotalPageFile size 23583M (AvailPageFile size 106M)
current process WorkingSet (physical memory assigned to process): 2235M, peak: 3764M
current process commit charge ("private bytes"): 7504M, peak: 7526M

vm_info: Java HotSpot(TM) 64-Bit Server VM (17.0.12+8-LTS-286) for windows-amd64 JRE (17.0.12+8-LTS-286), built on Jun  5 2024 06:46:59 by "mach5one" with MS VC++ 17.6 (VS2022)

END.
